area_sqft,bedrooms,bathrooms,age_years,location_score,garage,price
1983.0,3,2,44.0,7,0.0,469776.0
1176.0,2,2,20.0,7,1.0,413205.0
2250.0,3,1,57.0,10,1.0,606529.0
2364.0,4,3,2.0,3,3.0,486191.0
629.0,1,1,21.0,7,1.0,293046.0
1019.0,1,1,52.0,9,0.0,379617.0
1877.0,2,2,16.0,1,2.0,296058.0
1610.0,3,1,17.0,8,0.0,490108.0
1790.0,2,1,54.0,1,1.0,183584.0
1288.0,2,2,50.0,6,3.0,372422.0
2328.0,4,3,6.0,9,1.0,692238.0
2267.0,3,2,35.0,5,1.0,427864.0
1840.0,2,2,13.0,6,0.0,429262.0
2476.0,5,4,13.0,7,1.0,625626.0
2081.0,4,2,37.0,6,3.0,508261.0
1284.0,2,1,7.0,8,3.0,504589.0
2021.0,3,2,28.0,9,3.0,585845.0
1225.0,2,2,15.0,2,1.0,220212.0
2327.0,3,2,51.0,5,0.0,438615.0
1770.0,4,3,33.0,9,0.0,583963.0
1689.0,2,1,13.0,4,0.0,335007.0
1391.0,3,2,56.0,5,0.0,307602.0
2534.0,4,3,49.0,8,2.0,633121.0
1707.0,2,1,16.0,10,2.0,631297.0
1543.0,2,2,58.0,3,2.0,254672.0
1589.0,1,1,16.0,10,0.0,551465.0
2119.0,3,2,18.0,8,2.0,599066.0
2019.0,3,1,23.0,1,0.0,257484.0
2048.0,4,2,10.0,9,2.0,661120.0
2058.0,2,2,41.0,4,3.0,375887.0
3085.0,6,4,33.0,3,1.0,504351.0
1556.0,3,2,54.0,6,1.0,368923.0
1493.0,3,2,14.0,6,1.0,434211.0
1312.0,2,2,10.0,6,2.0,393840.0
2170.0,4,2,22.0,1,2.0,323517.0
2477.0,3,1,9.0,9,0.0,662418.0
1732.0,3,2,57.0,4,1.0,331528.0
1296.0,2,1,43.0,2,2.0,205391.0
1305.0,1,1,48.0,6,2.0,324826.0
2190.0,3,2,45.0,7,2.0,529911.0
2246.0,4,3,15.0,2,2.0,372608.0
2126.0,3,3,8.0,10,1.0,678187.0
1401.0,3,2,26.0,7,2.0,434122.0
1939.0,2,2,50.0,10,1.0,591336.0
1870.0,2,1,20.0,7,1.0,495706.0
1931.0,4,2,1.0,1,1.0,310052.0
2323.0,5,4,40.0,3,1.0,429525.0
1934.0,2,1,12.0,10,0.0,640092.0
2207.0,4,2,33.0,6,0.0,495392.0
1841.0,4,3,1.0,2,0.0,351747.0
1973.0,4,3,31.0,1,1.0,284250.0
2179.0,4,3,24.0,6,1.0,525239.0
926.0,2,1,53.0,6,0.0,254239.0
1608.0,2,1,43.0,3,0.0,278873.0
1518.0,3,3,2.0,2,2.0,329925.0
1417.0,2,1,47.0,7,0.0,381262.0
1635.0,3,2,47.0,5,3.0,366594.0
2697.0,4,2,40.0,1,0.0,323379.0
1281.0,2,1,56.0,1,1.0,135439.0
2381.0,4,3,48.0,3,3.0,430424.0
790.0,1,1,13.0,6,0.0,309691.0
1599.0,3,2,23.0,4,1.0,311976.0
1898.0,2,1,21.0,1,1.0,290364.0
2152.0,3,2,30.0,10,2.0,673095.0
2227.0,4,2,57.0,7,3.0,545638.0
2276.0,4,3,37.0,6,2.0,504697.0
1591.0,1,1,19.0,3,1.0,284594.0
1523.0,3,2,56.0,8,1.0,449977.0
2315.0,3,2,42.0,10,2.0,658929.0
1685.0,4,4,16.0,7,1.0,473795.0
1035.0,1,1,54.0,3,2.0,178513.0
1120.0,2,1,21.0,4,1.0,266833.0
1248.0,3,2,31.0,10,0.0,515280.0
2098.0,3,1,29.0,1,2.0,279469.0
1885.0,4,2,55.0,3,1.0,306479.0
2214.0,4,2,16.0,2,1.0,377573.0
1544.0,3,3,20.0,7,1.0,485191.0
1895.0,3,3,40.0,5,0.0,394669.0
2175.0,4,3,53.0,2,1.0,333017.0
1614.0,2,1,7.0,10,3.0,591054.0
2074.0,3,1,,6,1.0,496552.0
1403.0,2,1,57.0,3,2.0,234146.0
1582.0,3,3,47.0,10,1.0,560117.0
1571.0,2,1,21.0,7,0.0,436067.0
1082.0,2,1,21.0,2,3.0,195296.0
2092.0,4,2,28.0,9,3.0,608034.0
1518.0,2,2,40.0,1,0.0,181269.0
1807.0,2,1,34.0,10,0.0,578759.0
2088.0,2,1,47.0,4,3.0,383037.0
2068.0,5,3,3.0,3,0.0,423834.0
2199.0,4,2,,1,3.0,292479.0
1741.0,3,2,3.0,10,0.0,624107.0
1546.0,2,2,53.0,6,3.0,366305.0
1752.0,3,2,3.0,7,3.0,544507.0
788.0,2,2,8.0,9,0.0,421927.0
932.0,1,1,11.0,6,0.0,302243.0
1006.0,2,2,13.0,3,0.0,239823.0
1202.0,4,3,24.0,8,3.0,447168.0
2040.0,3,4,39.0,6,1.0,491041.0
1257.0,1,1,54.0,3,2.0,199899.0
1573.0,2,1,31.0,9,2.0,528360.0
2580.0,5,3,32.0,9,2.0,718140.0
1586.0,3,2,19.0,3,0.0,319538.0
2243.0,4,2,48.0,7,1.0,524068.0
1240.0,2,2,7.0,10,2.0,504008.0
1677.0,2,1,18.0,8,0.0,486583.0
1230.0,3,2,6.0,2,1.0,257011.0
1597.0,2,1,13.0,9,2.0,542671.0
2304.0,4,3,35.0,1,1.0,322253.0
764.0,2,2,8.0,7,1.0,341531.0
2061.0,3,3,6.0,6,3.0,542050.0
1943.0,3,2,50.0,1,2.0,227493.0
1444.0,2,1,7.0,8,2.0,457703.0
932.0,2,1,36.0,3,0.0,175699.0
1843.0,4,2,21.0,9,3.0,594574.0
1482.0,3,2,54.0,9,3.0,505246.0
1940.0,4,3,42.0,6,3.0,450510.0
1813.0,3,2,,7,2.0,535941.0
2761.0,4,4,54.0,1,2.0,397098.0
1656.0,3,2,25.0,9,2.0,549341.0
1186.0,2,1,18.0,7,2.0,395231.0
1908.0,2,1,40.0,4,1.0,351067.0
1932.0,3,2,43.0,1,2.0,261180.0
2616.0,4,3,18.0,6,1.0,593808.0
2301.0,3,1,21.0,10,3.0,687546.0
2014.0,4,2,9.0,9,1.0,643587.0
2678.0,5,3,36.0,1,1.0,341027.0
1087.0,3,2,57.0,8,0.0,370729.0
1416.0,3,3,25.0,1,3.0,235879.0
1244.0,2,2,60.0,4,2.0,246742.0
1566.0,2,2,11.0,5,0.0,374856.0
974.0,2,1,48.0,1,0.0,118447.0
2181.0,4,3,56.0,2,3.0,336817.0
1667.0,2,1,41.0,9,0.0,487062.0
918.0,1,1,7.0,7,1.0,348787.0
1191.0,2,2,20.0,8,0.0,419956.0
1988.0,4,2,5.0,6,2.0,560702.0
2303.0,4,3,36.0,5,0.0,456664.0
2998.0,5,4,60.0,1,1.0,399011.0
3548.0,6,4,22.0,6,2.0,775530.0
2049.0,3,3,10.0,8,1.0,624839.0
1206.0,1,1,16.0,3,2.0,261804.0
521.0,1,1,34.0,5,2.0,199990.0
1961.0,4,3,34.0,5,1.0,455840.0
1312.0,1,1,14.0,9,1.0,478615.0
1551.0,3,2,45.0,2,1.0,246046.0
1433.0,3,2,5.0,2,1.0,301749.0
1716.0,2,3,37.0,3,2.0,319536.0
2440.0,4,3,26.0,2,3.0,403314.0
1894.0,2,2,8.0,9,2.0,598959.0
1705.0,4,2,38.0,3,0.0,307998.0
1179.0,2,2,40.0,4,3.0,263813.0
795.0,1,1,26.0,3,3.0,188513.0
1508.0,3,2,48.0,9,3.0,487798.0
1768.0,3,2,31.0,7,0.0,473861.0
2861.0,4,3,17.0,5,3.0,598758.0
1878.0,3,3,57.0,8,1.0,484923.0
2390.0,4,3,57.0,1,3.0,298078.0
1500.0,2,1,6.0,7,3.0,461434.0
1089.0,1,1,57.0,4,3.0,212221.0
1221.0,2,1,47.0,4,0.0,236886.0
1365.0,1,1,6.0,2,2.0,249106.0
3077.0,6,4,31.0,1,2.0,457987.0
1307.0,2,1,2.0,7,2.0,444423.0
2303.0,3,3,35.0,9,3.0,675299.0
1258.0,2,1,56.0,10,2.0,427243.0
2359.0,3,2,22.0,3,0.0,384044.0
2031.0,3,2,31.0,8,0.0,554721.0
1706.0,4,3,14.0,2,2.0,332303.0
1776.0,5,3,32.0,8,1.0,556262.0
1407.0,3,2,48.0,6,1.0,335262.0
2068.0,3,2,13.0,9,3.0,639525.0
1527.0,2,1,33.0,1,0.0,179186.0
1065.0,1,1,21.0,8,2.0,401268.0
1033.0,3,3,45.0,5,1.0,286658.0
1904.0,3,1,42.0,6,0.0,426020.0
2747.0,6,4,42.0,6,1.0,609342.0
1896.0,4,3,23.0,8,1.0,586653.0
1729.0,2,2,36.0,6,1.0,440802.0
1971.0,3,1,39.0,5,0.0,376672.0
2584.0,4,3,41.0,5,2.0,526937.0
1932.0,3,2,35.0,1,1.0,268582.0
1553.0,3,3,52.0,8,2.0,478154.0
2464.0,6,4,15.0,8,2.0,698694.0
2057.0,3,2,3.0,6,2.0,533645.0
2721.0,5,3,58.0,8,2.0,637166.0
1910.0,4,3,4.0,3,1.0,399193.0
1065.0,2,1,54.0,3,1.0,154415.0
979.0,2,1,37.0,10,2.0,444550.0
2791.0,4,3,55.0,10,0.0,723231.0
2834.0,5,3,34.0,9,2.0,762221.0
1692.0,3,3,49.0,1,1.0,224560.0
1570.0,3,2,43.0,6,1.0,390858.0
2677.0,5,4,32.0,8,0.0,677487.0
1136.0,3,2,22.0,1,1.0,180620.0
1263.0,3,2,0.0,10,1.0,569426.0
2186.0,4,3,15.0,8,3.0,635519.0
1563.0,2,1,57.0,4,2.0,282263.0
1797.0,3,2,17.0,6,1.0,453510.0
1702.0,3,2,45.0,10,0.0,565146.0
2003.0,4,2,31.0,9,1.0,600159.0
2644.0,4,3,19.0,9,3.0,740656.0
1854.0,2,1,59.0,10,0.0,534787.0
2186.0,3,1,3.0,8,2.0,615273.0
570.0,1,2,35.0,10,2.0,395289.0
1771.0,3,2,28.0,10,0.0,586400.0
1294.0,1,1,5.0,1,3.0,196863.0
1069.0,1,2,13.0,7,1.0,387467.0
1273.0,2,1,42.0,4,2.0,292373.0
1600.0,2,1,6.0,5,0.0,400954.0
2350.0,4,2,48.0,2,3.0,337156.0
1004.0,2,1,38.0,7,0.0,315577.0
1818.0,3,2,6.0,9,1.0,597692.0
1509.0,2,2,17.0,5,3.0,392482.0
1603.0,3,2,8.0,7,2.0,499370.0
2402.0,4,3,48.0,4,2.0,442706.0
2123.0,3,2,32.0,8,1.0,554700.0
2602.0,5,3,0.0,1,3.0,447109.0
1707.0,3,2,33.0,9,3.0,540595.0
1382.0,3,2,29.0,4,2.0,307656.0
1666.0,3,3,39.0,6,0.0,395789.0
1945.0,2,1,2.0,9,3.0,632163.0
1906.0,4,2,2.0,1,0.0,303693.0
1149.0,2,1,21.0,10,3.0,512083.0
1854.0,4,3,41.0,7,0.0,472530.0
1937.0,3,2,40.0,10,0.0,578495.0
3310.0,6,4,17.0,6,0.0,715101.0
2926.0,5,3,13.0,3,0.0,512291.0
1288.0,2,1,41.0,6,2.0,343684.0
1628.0,2,2,2.0,6,1.0,426452.0
922.0,2,2,33.0,10,0.0,434421.0
1446.0,1,1,25.0,6,1.0,357202.0
1989.0,3,3,14.0,5,3.0,474749.0
2524.0,6,5,31.0,2,2.0,461034.0
1363.0,2,2,13.0,4,2.0,300394.0
1408.0,2,1,34.0,6,1.0,364406.0
512.0,1,1,9.0,4,2.0,209889.0
1702.0,3,3,24.0,4,3.0,378786.0
1163.0,1,1,31.0,1,2.0,147703.0
1482.0,2,2,2.0,10,0.0,587256.0
1274.0,3,2,37.0,9,2.0,500880.0
1743.0,2,1,45.0,3,3.0,310575.0
745.0,2,1,57.0,2,0.0,117678.0
920.0,2,1,12.0,9,1.0,411510.0
3078.0,6,5,13.0,9,2.0,839591.0
1028.0,2,1,18.0,9,,420803.0
1142.0,4,3,53.0,6,2.0,353305.0
2902.0,6,4,24.0,8,3.0,741695.0
3543.0,6,4,18.0,8,2.0,856897.0
1097.0,1,1,44.0,3,1.0,175185.0
1579.0,3,2,2.0,6,0.0,448882.0
2005.0,4,3,33.0,3,2.0,380554.0
2837.0,6,5,27.0,8,3.0,755119.0
1208.0,3,3,37.0,10,3.0,519557.0
1653.0,3,2,44.0,1,2.0,202576.0
2266.0,3,2,19.0,1,0.0,303960.0
2061.0,4,3,38.0,3,1.0,348836.0
1574.0,2,2,31.0,2,1.0,248274.0
1720.0,2,2,8.0,1,0.0,243513.0
975.0,2,1,53.0,10,0.0,404606.0
1657.0,3,1,45.0,6,2.0,396029.0
1640.0,3,2,55.0,8,0.0,445219.0
1939.0,4,3,43.0,6,0.0,481116.0
1467.0,3,1,15.0,8,3.0,502035.0
2083.0,3,2,26.0,7,2.0,534094.0
2408.0,4,3,23.0,2,3.0,401520.0
1893.0,2,2,2.0,2,0.0,306228.0
2011.0,2,2,25.0,5,1.0,432052.0
1832.0,4,2,21.0,4,2.0,404602.0
1800.0,2,2,0.0,9,2.0,576484.0
1367.0,3,2,51.0,4,1.0,255218.0
1990.0,4,3,9.0,4,3.0,452418.0
1742.0,2,1,30.0,6,2.0,406859.0
3056.0,6,5,47.0,2,0.0,466981.0
2744.0,4,3,36.0,9,0.0,718748.0
2032.0,2,2,10.0,1,0.0,286877.0
1342.0,2,2,37.0,9,3.0,491841.0
1133.0,2,1,45.0,7,3.0,346942.0
2515.0,4,1,51.0,9,1.0,640271.0
1958.0,5,4,19.0,3,2.0,397074.0
2088.0,2,1,2.0,10,3.0,691229.0
753.0,2,1,36.0,9,0.0,350631.0
2356.0,3,2,14.0,5,3.0,505862.0
2073.0,4,3,47.0,3,1.0,353518.0
1134.0,2,2,41.0,2,1.0,181281.0
1517.0,3,2,46.0,2,0.0,224289.0
1958.0,3,3,58.0,6,2.0,449640.0
1831.0,3,2,35.0,10,2.0,593952.0
1625.0,3,2,54.0,6,0.0,383705.0
1738.0,4,3,39.0,10,2.0,610806.0
1649.0,3,2,11.0,8,0.0,505173.0
1892.0,3,3,48.0,7,1.0,463444.0
2683.0,5,4,42.0,8,2.0,681192.0
400.0,2,1,59.0,10,3.0,292425.0
1658.0,3,2,15.0,9,0.0,552532.0
1906.0,4,3,20.0,2,1.0,353285.0
1978.0,3,2,49.0,6,1.0,461611.0
1577.0,3,2,4.0,5,2.0,404440.0
746.0,2,1,38.0,9,3.0,384146.0
1997.0,4,3,32.0,3,2.0,378884.0
2836.0,4,3,10.0,9,3.0,761165.0
880.0,1,1,10.0,5,1.0,272214.0
2318.0,5,3,49.0,10,2.0,687905.0
1603.0,4,3,1.0,8,1.0,570936.0
1763.0,4,3,45.0,4,3.0,362678.0
1168.0,3,2,44.0,9,0.0,433998.0
1599.0,3,2,39.0,2,3.0,265972.0
2580.0,4,3,25.0,1,2.0,354093.0
2150.0,5,3,2.0,6,3.0,573617.0
2839.0,5,4,48.0,4,2.0,549400.0
2506.0,3,2,8.0,2,1.0,404131.0
2063.0,3,2,17.0,10,1.0,675798.0
2846.0,5,3,57.0,1,0.0,361402.0
2063.0,3,3,18.0,6,3.0,522474.0
2297.0,4,2,15.0,3,0.0,392265.0
1622.0,3,2,58.0,3,3.0,262339.0
1840.0,4,3,5.0,3,2.0,419795.0
1382.0,3,2,10.0,4,0.0,332464.0
2394.0,3,2,26.0,7,3.0,569881.0
1093.0,2,2,47.0,4,0.0,240471.0
2269.0,4,3,53.0,8,0.0,544199.0
1686.0,2,1,45.0,5,2.0,342148.0
2503.0,4,3,59.0,8,0.0,600193.0
2251.0,3,3,1.0,5,0.0,551446.0
2892.0,5,4,37.0,4,2.0,562268.0
2238.0,5,3,7.0,6,3.0,580012.0
857.0,3,3,55.0,7,0.0,304189.0
1760.0,2,1,56.0,5,2.0,362196.0
1097.0,2,1,18.0,10,2.0,506818.0
1489.0,3,2,50.0,6,0.0,354679.0
2707.0,5,4,38.0,3,0.0,458217.0
2183.0,4,3,6.0,1,1.0,336777.0
1381.0,3,2,36.0,4,2.0,319031.0
1192.0,3,3,59.0,1,0.0,153162.0
1820.0,4,3,18.0,1,1.0,260040.0
1070.0,1,1,0.0,4,1.0,278428.0
1397.0,3,2,59.0,3,2.0,222114.0
1987.0,4,3,25.0,9,0.0,610632.0
2493.0,4,3,26.0,8,2.0,646325.0
2165.0,4,2,43.0,8,3.0,564768.0
425.0,1,1,36.0,6,2.0,230903.0
1983.0,3,2,18.0,2,2.0,334442.0
1843.0,3,3,6.0,9,0.0,604353.0
2048.0,2,1,50.0,5,3.0,413195.0
2770.0,5,3,29.0,5,1.0,583862.0
562.0,1,1,40.0,7,0.0,235145.0
1445.0,2,1,52.0,2,2.0,194345.0
2155.0,5,3,1.0,5,1.0,519319.0
851.0,2,2,,7,1.0,312575.0
2686.0,4,3,45.0,7,3.0,630750.0
2021.0,3,2,57.0,6,2.0,439200.0
2308.0,4,2,14.0,10,1.0,722223.0
1457.0,3,1,19.0,10,3.0,589659.0
2288.0,3,2,40.0,1,1.0,291522.0
2441.0,4,2,56.0,1,3.0,306114.0
1940.0,4,3,60.0,6,3.0,485385.0
1941.0,2,1,25.0,9,1.0,589771.0
1962.0,3,2,32.0,6,3.0,499224.0
1282.0,2,2,10.0,3,2.0,283586.0
1711.0,3,3,42.0,6,3.0,432809.0
1708.0,2,1,50.0,10,1.0,504848.0
2030.0,3,2,48.0,2,1.0,303134.0
2400.0,5,3,21.0,5,1.0,530655.0
1165.0,2,1,58.0,7,2.0,305067.0
1725.0,3,1,7.0,4,2.0,404678.0
2689.0,6,5,30.0,1,1.0,406864.0
1354.0,2,1,33.0,7,1.0,386097.0
1307.0,3,2,32.0,8,1.0,416811.0
1921.0,3,3,45.0,7,2.0,505875.0
2307.0,5,3,37.0,7,0.0,574691.0
1807.0,4,3,5.0,7,2.0,548444.0
2597.0,5,3,11.0,4,3.0,540224.0
2314.0,4,2,32.0,1,1.0,352821.0
2305.0,3,2,42.0,10,1.0,647799.0
2132.0,4,4,31.0,3,0.0,379574.0
3197.0,6,5,21.0,9,2.0,881432.0
1677.0,3,2,3.0,6,1.0,450125.0
598.0,1,1,47.0,6,3.0,215485.0
2763.0,4,3,30.0,1,3.0,415481.0
1525.0,3,1,32.0,10,,563328.0
1865.0,4,2,28.0,6,0.0,461552.0
2586.0,4,3,16.0,9,0.0,722831.0
839.0,1,2,17.0,8,1.0,361680.0
1049.0,2,2,4.0,2,2.0,232188.0
839.0,2,1,42.0,10,0.0,386444.0
1324.0,3,2,16.0,6,1.0,406997.0
2064.0,3,1,18.0,2,0.0,323196.0
2115.0,3,2,60.0,6,1.0,429872.0
1966.0,3,2,23.0,7,1.0,529175.0
952.0,1,1,31.0,7,0.0,289026.0
414.0,2,2,23.0,4,1.0,177170.0
1833.0,2,1,17.0,10,2.0,594979.0
1517.0,1,1,0.0,3,3.0,312319.0
2076.0,3,2,51.0,5,3.0,458039.0
2221.0,4,3,28.0,9,1.0,629184.0
1883.0,4,3,43.0,1,3.0,264640.0
2256.0,4,3,58.0,5,1.0,453496.0
1938.0,4,3,0.0,5,1.0,481270.0
2118.0,2,1,41.0,8,3.0,554477.0
1377.0,3,2,7.0,8,1.0,509509.0
1692.0,3,1,27.0,8,2.0,514655.0
1918.0,4,2,51.0,4,0.0,341482.0
2292.0,3,2,4.0,5,1.0,509874.0
1564.0,3,1,59.0,1,3.0,191883.0
2113.0,4,3,35.0,9,0.0,623557.0
1640.0,4,3,24.0,4,3.0,391071.0
1729.0,2,2,1.0,5,1.0,434969.0
2298.0,4,3,35.0,7,3.0,593220.0
604.0,1,1,30.0,8,1.0,302049.0
1022.0,2,2,13.0,1,1.0,166973.0
911.0,2,1,29.0,8,1.0,372577.0
400.0,2,1,1.0,4,0.0,196477.0
1393.0,2,2,60.0,5,3.0,280805.0
2250.0,4,3,20.0,2,2.0,374112.0
1629.0,4,3,29.0,8,2.0,516672.0
1919.0,2,1,47.0,5,1.0,372143.0
2454.0,5,3,43.0,2,3.0,411947.0
2597.0,5,3,53.0,2,1.0,426369.0
1759.0,3,1,56.0,8,0.0,417040.0
2612.0,4,4,11.0,2,0.0,442730.0
1855.0,4,3,23.0,6,3.0,500374.0
1298.0,1,1,41.0,7,0.0,349089.0
1443.0,2,1,3.0,10,3.0,583954.0
912.0,1,1,43.0,2,1.0,134011.0
1267.0,3,2,0.0,3,0.0,288754.0
1585.0,2,1,55.0,2,3.0,222309.0
2282.0,3,2,43.0,9,2.0,636096.0
2832.0,5,4,34.0,6,2.0,643394.0
971.0,2,2,26.0,10,2.0,466899.0
2036.0,5,4,59.0,1,3.0,281924.0
1176.0,1,1,44.0,8,0.0,406095.0
2085.0,4,3,48.0,1,0.0,271253.0
1721.0,2,2,50.0,2,2.0,260399.0
701.0,2,1,1.0,5,2.0,275023.0
2357.0,3,1,3.0,4,2.0,480182.0
1437.0,2,1,12.0,4,1.0,326282.0
1480.0,2,1,39.0,1,2.0,158501.0
1158.0,2,1,37.0,6,0.0,298818.0
1407.0,3,2,20.0,4,,325511.0
2057.0,4,3,58.0,10,1.0,610683.0
1686.0,3,2,6.0,8,1.0,522340.0
1997.0,2,2,47.0,5,0.0,389738.0
2017.0,4,2,29.0,8,3.0,603146.0
2592.0,4,2,25.0,6,3.0,593889.0
1594.0,3,2,2.0,5,3.0,417441.0
914.0,1,1,44.0,10,3.0,400916.0
2440.0,3,2,46.0,6,2.0,515584.0
1601.0,3,2,19.0,5,1.0,371406.0
2469.0,5,4,31.0,6,0.0,574541.0
2030.0,3,3,36.0,8,2.0,589036.0
1721.0,3,2,22.0,8,3.0,529279.0
2009.0,3,2,37.0,6,1.0,463956.0
2971.0,6,4,26.0,2,3.0,496028.0
3046.0,4,3,53.0,7,0.0,638048.0
1842.0,3,2,43.0,5,1.0,393224.0
1896.0,4,3,7.0,10,2.0,667870.0
2446.0,3,3,48.0,10,1.0,680694.0
1293.0,3,2,20.0,1,3.0,198699.0
2000.0,4,3,56.0,10,1.0,613969.0
1784.0,4,3,36.0,10,3.0,640285.0
1988.0,4,3,2.0,10,1.0,702570.0
1300.0,2,1,44.0,5,0.0,306380.0
846.0,1,1,8.0,3,2.0,208170.0
556.0,1,1,53.0,7,2.0,251774.0
1130.0,1,2,57.0,9,2.0,385281.0
1525.0,3,2,42.0,5,0.0,349139.0
1624.0,3,2,32.0,10,1.0,589743.0
2962.0,6,4,36.0,3,0.0,512612.0
2464.0,4,3,26.0,9,3.0,737023.0
1223.0,3,2,5.0,1,0.0,201387.0
2009.0,3,2,56.0,9,3.0,570463.0
1556.0,2,2,20.0,10,0.0,540785.0
1629.0,3,3,19.0,8,2.0,531404.0
1911.0,3,2,11.0,7,1.0,531017.0
2172.0,4,3,60.0,5,0.0,422471.0
1596.0,2,1,57.0,9,1.0,458132.0
2438.0,3,1,21.0,2,0.0,350575.0
1115.0,2,2,16.0,3,2.0,265898.0
1804.0,4,3,48.0,2,3.0,296699.0
3359.0,5,4,25.0,3,1.0,556175.0
1934.0,4,3,58.0,6,1.0,411905.0
2660.0,4,3,54.0,4,0.0,446508.0
1855.0,3,2,46.0,5,1.0,366966.0
2148.0,5,3,5.0,3,3.0,441910.0
1766.0,4,2,42.0,4,2.0,353294.0
1698.0,3,3,59.0,5,3.0,374029.0
1332.0,4,3,22.0,3,3.0,306506.0
2058.0,3,3,53.0,10,0.0,643228.0
1289.0,1,1,24.0,9,0.0,428479.0
2199.0,3,2,58.0,9,1.0,600774.0
2451.0,4,3,39.0,1,3.0,346377.0
2020.0,2,1,6.0,5,0.0,431937.0
1628.0,3,2,29.0,8,0.0,494538.0
2072.0,3,2,3.0,4,3.0,453355.0
1615.0,3,2,24.0,3,0.0,290616.0
2361.0,4,3,55.0,7,1.0,576219.0
701.0,1,1,14.0,1,3.0,102399.0
1599.0,3,2,57.0,7,0.0,397875.0
606.0,2,2,6.0,5,0.0,258691.0
903.0,1,1,40.0,7,2.0,332376.0
2618.0,4,3,58.0,7,0.0,568960.0
2337.0,2,1,39.0,6,2.0,536617.0
1368.0,2,1,54.0,6,2.0,344115.0
898.0,1,1,59.0,1,0.0,30000.0
400.0,1,1,39.0,10,2.0,305695.0
1474.0,2,2,47.0,1,1.0,181038.0
3252.0,5,4,2.0,10,3.0,927682.0
2061.0,3,3,26.0,10,1.0,668587.0
1464.0,3,3,17.0,8,2.0,501006.0
2079.0,4,3,49.0,8,1.0,538042.0
863.0,2,1,41.0,1,3.0,107139.0
1622.0,3,2,37.0,10,1.0,570019.0
1860.0,2,2,56.0,6,2.0,383216.0
1748.0,2,1,5.0,4,3.0,409411.0
2274.0,4,2,57.0,7,3.0,555266.0
2007.0,3,1,6.0,6,3.0,510051.0
2201.0,4,3,21.0,4,2.0,440367.0
1387.0,3,2,38.0,4,2.0,315196.0
2339.0,4,2,20.0,2,1.0,369063.0
2777.0,4,3,41.0,10,2.0,753863.0
1218.0,3,2,47.0,7,2.0,405273.0
1267.0,3,3,50.0,3,2.0,235910.0
2601.0,4,3,11.0,8,1.0,673376.0
1685.0,3,2,11.0,7,1.0,496896.0
2642.0,4,3,3.0,2,0.0,440806.0
1534.0,2,2,29.0,2,2.0,279941.0
2673.0,5,3,8.0,3,0.0,484436.0
1879.0,3,1,19.0,2,0.0,287189.0
1955.0,3,2,50.0,9,1.0,559648.0
2739.0,5,3,57.0,2,0.0,383651.0
1583.0,2,2,49.0,9,2.0,499563.0
1235.0,2,1,0.0,6,0.0,380389.0
1531.0,3,3,34.0,2,1.0,263251.0
2071.0,4,2,10.0,9,2.0,644397.0
861.0,2,1,23.0,2,2.0,185032.0
2182.0,3,3,26.0,10,2.0,684542.0
1477.0,2,1,57.0,1,1.0,162897.0
2489.0,3,2,38.0,7,1.0,595144.0
400.0,1,1,16.0,4,3.0,178437.0
1328.0,1,1,39.0,6,1.0,368455.0
788.0,1,1,57.0,9,2.0,323043.0
1304.0,2,1,4.0,8,3.0,468451.0
1949.0,4,3,49.0,3,0.0,336072.0
1692.0,2,2,13.0,1,0.0,251395.0
1648.0,3,2,9.0,3,1.0,339521.0
1704.0,4,2,54.0,9,1.0,527730.0
1922.0,4,3,0.0,6,0.0,520401.0
1195.0,3,2,44.0,8,3.0,452796.0
2224.0,4,2,5.0,5,2.0,517062.0
2198.0,3,1,37.0,6,2.0,474591.0
2031.0,4,2,37.0,1,2.0,273820.0
2134.0,3,2,52.0,1,1.0,261614.0
1978.0,4,3,49.0,8,2.0,556313.0
3021.0,5,4,41.0,3,0.0,500285.0
1748.0,3,2,23.0,4,2.0,364989.0
1616.0,3,2,10.0,4,3.0,405174.0
1348.0,2,2,38.0,7,3.0,439951.0
1181.0,2,1,30.0,10,1.0,473208.0
1053.0,1,1,5.0,8,0.0,430033.0
1267.0,1,1,57.0,7,3.0,363078.0
1758.0,4,3,19.0,9,2.0,631092.0
2001.0,5,4,0.0,6,3.0,582236.0
1831.0,3,2,54.0,2,1.0,257431.0
1341.0,1,1,35.0,5,3.0,334876.0
2340.0,3,1,44.0,10,3.0,668296.0
2244.0,4,3,9.0,8,0.0,639159.0
1704.0,4,3,24.0,4,2.0,410297.0
1408.0,1,2,39.0,4,1.0,295465.0
2129.0,3,2,15.0,10,2.0,684966.0
1913.0,3,2,42.0,1,1.0,246914.0
931.0,2,2,14.0,10,0.0,468635.0
1759.0,3,2,13.0,7,1.0,511735.0
1957.0,2,1,1.0,9,2.0,628699.0
1260.0,3,2,17.0,4,1.0,317432.0
1914.0,4,2,15.0,7,1.0,517060.0
927.0,1,1,46.0,4,1.0,186241.0
2602.0,5,4,34.0,1,2.0,391750.0
2549.0,4,3,11.0,5,1.0,569832.0
1648.0,2,1,34.0,10,0.0,547689.0
2018.0,4,3,14.0,3,2.0,397176.0
400.0,1,1,26.0,2,0.0,83532.0
1106.0,2,2,53.0,10,1.0,419906.0
1624.0,4,3,43.0,10,2.0,556709.0
1157.0,1,1,39.0,9,1.0,413470.0
2229.0,3,3,17.0,10,0.0,713802.0
2998.0,5,4,7.0,10,1.0,877657.0
1094.0,1,1,45.0,10,1.0,456102.0
1298.0,3,2,34.0,10,2.0,513198.0
1941.0,3,2,37.0,8,2.0,541646.0
2767.0,4,3,59.0,4,0.0,447413.0
1067.0,2,1,21.0,5,3.0,307671.0
1949.0,3,2,48.0,4,2.0,349317.0
2893.0,5,4,34.0,6,0.0,604198.0
809.0,2,2,14.0,7,1.0,329374.0
1031.0,2,1,3.0,3,3.0,267747.0
1546.0,3,2,37.0,1,2.0,206785.0
1488.0,2,2,18.0,7,1.0,436678.0
2288.0,3,2,42.0,10,3.0,687108.0
1945.0,3,2,42.0,9,2.0,550748.0
735.0,1,1,27.0,1,2.0,111976.0
2109.0,5,4,32.0,6,0.0,528635.0
1453.0,3,2,38.0,6,2.0,403156.0
2565.0,5,4,28.0,5,0.0,552849.0
1423.0,3,2,53.0,7,3.0,407013.0
1418.0,2,1,5.0,5,0.0,349664.0
2125.0,3,3,59.0,10,0.0,611515.0
2258.0,4,3,2.0,10,1.0,762662.0
2069.0,4,3,12.0,7,1.0,573584.0
789.0,1,1,42.0,5,1.0,214857.0
2123.0,4,3,5.0,6,3.0,573913.0
1179.0,3,2,16.0,10,1.0,514176.0
1941.0,3,1,9.0,4,3.0,424981.0
946.0,1,1,43.0,9,0.0,358943.0
2068.0,4,3,35.0,6,2.0,497204.0
1316.0,3,2,4.0,1,0.0,237596.0
1030.0,1,1,28.0,8,0.0,335485.0
2228.0,4,2,13.0,3,0.0,412863.0
1945.0,3,2,58.0,6,1.0,414819.0
1432.0,2,2,6.0,10,1.0,534862.0
2671.0,5,4,36.0,8,3.0,692399.0
1536.0,4,3,29.0,7,3.0,480431.0
1819.0,3,2,35.0,1,2.0,254026.0
1961.0,4,3,57.0,9,1.0,576204.0
1428.0,1,1,20.0,4,1.0,314472.0
2083.0,3,1,45.0,1,1.0,223927.0
1480.0,3,3,27.0,10,0.0,556763.0
1553.0,3,3,40.0,2,2.0,274394.0
2618.0,1,1,22.0,4,3.0,480096.0
1176.0,2,1,14.0,2,2.0,232009.0
400.0,2,2,5.0,7,2.0,278312.0
2767.0,3,2,6.0,9,1.0,738935.0
3330.0,6,3,58.0,6,3.0,698671.0
1557.0,1,1,47.0,9,3.0,479652.0
638.0,2,3,15.0,10,1.0,460307.0
1614.0,3,2,32.0,9,3.0,524520.0
1628.0,1,1,43.0,2,1.0,242573.0
1686.0,3,2,21.0,3,0.0,307147.0
1132.0,3,3,26.0,3,1.0,271833.0
2148.0,4,3,43.0,7,3.0,548565.0
2115.0,4,4,14.0,9,1.0,668595.0
903.0,1,1,32.0,4,3.0,240935.0
2220.0,2,2,13.0,7,1.0,553740.0
3032.0,6,4,0.0,2,1.0,542921.0
1903.0,4,3,41.0,6,0.0,448350.0
1598.0,3,2,42.0,8,3.0,491155.0
1715.0,1,1,60.0,4,1.0,241132.0
2169.0,3,2,11.0,2,0.0,347058.0
762.0,1,1,44.0,5,0.0,219633.0
1899.0,2,1,57.0,8,2.0,494962.0
1566.0,3,1,39.0,10,3.0,564018.0
2909.0,5,2,58.0,7,3.0,642968.0
1695.0,2,2,60.0,7,0.0,428784.0
2801.0,5,3,48.0,5,2.0,558467.0
1138.0,2,1,60.0,10,1.0,410558.0
2152.0,3,3,38.0,9,2.0,638755.0
1992.0,3,3,30.0,10,2.0,665479.0
1279.0,1,1,55.0,9,0.0,408700.0
1906.0,3,3,50.0,6,0.0,425232.0
2528.0,4,3,7.0,10,2.0,789482.0
1606.0,3,2,18.0,7,2.0,500012.0
785.0,2,2,16.0,7,3.0,365483.0
1789.0,3,1,51.0,7,3.0,432262.0
1259.0,2,2,14.0,2,0.0,219167.0
1595.0,3,1,18.0,9,2.0,530451.0
1751.0,4,3,31.0,4,1.0,365819.0
777.0,1,1,5.0,7,1.0,303935.0
831.0,2,1,58.0,9,0.0,357643.0
2089.0,3,2,29.0,2,3.0,329214.0
1486.0,2,2,11.0,4,0.0,322565.0
400.0,1,1,16.0,10,3.0,341874.0
2271.0,3,2,48.0,4,3.0,432310.0
1963.0,4,3,38.0,7,3.0,531013.0
1372.0,2,1,28.0,6,0.0,349048.0
1010.0,1,1,20.0,9,1.0,412170.0
2301.0,4,3,54.0,6,0.0,499763.0
2010.0,3,1,46.0,5,2.0,399200.0
3230.0,4,3,43.0,1,3.0,403346.0
2052.0,4,3,27.0,5,2.0,453407.0
2033.0,4,3,59.0,6,0.0,424166.0
1700.0,3,2,43.0,7,,451030.0
2290.0,3,2,25.0,8,0.0,610270.0
2175.0,5,4,58.0,8,1.0,599637.0
2551.0,4,3,54.0,5,1.0,468617.0
1487.0,2,2,44.0,1,3.0,210796.0
1539.0,2,1,46.0,3,0.0,230766.0
1513.0,1,1,25.0,5,1.0,387172.0
2274.0,5,3,30.0,10,0.0,718333.0
2699.0,5,3,11.0,8,3.0,762470.0
1525.0,3,1,36.0,9,1.0,505137.0
1545.0,2,1,22.0,10,3.0,570378.0
1988.0,5,4,21.0,2,2.0,366997.0
1653.0,3,2,57.0,1,1.0,182258.0
2371.0,4,3,10.0,6,2.0,573164.0
449.0,2,2,50.0,3,0.0,115736.0
1304.0,3,2,17.0,9,3.0,538762.0
1331.0,4,3,2.0,5,3.0,412988.0
408.0,1,1,2.0,1,1.0,90493.0
1222.0,2,1,26.0,3,0.0,207163.0
1251.0,2,2,27.0,4,1.0,291804.0
1679.0,2,2,19.0,1,3.0,279703.0
2468.0,4,2,40.0,4,2.0,475902.0
1653.0,4,2,29.0,6,0.0,442515.0
1182.0,2,1,4.0,9,0.0,474079.0
1766.0,3,3,21.0,7,0.0,494285.0
2430.0,3,3,6.0,1,3.0,407114.0
1214.0,2,1,4.0,5,1.0,324309.0
1254.0,3,1,12.0,8,3.0,460519.0
2135.0,4,2,42.0,4,1.0,425753.0
1667.0,3,2,42.0,6,3.0,407263.0
2188.0,3,2,52.0,10,3.0,648443.0
1792.0,4,3,45.0,2,2.0,302594.0
2221.0,2,1,32.0,5,0.0,432180.0
1179.0,2,2,19.0,7,0.0,403949.0
1793.0,5,4,0.0,8,0.0,618179.0
1674.0,2,2,39.0,9,2.0,533231.0
1070.0,2,1,17.0,3,2.0,262311.0
862.0,1,1,15.0,5,3.0,271250.0
2211.0,3,2,58.0,9,3.0,600241.0
1589.0,3,2,10.0,9,1.0,590674.0
1187.0,2,2,2.0,9,1.0,521812.0
1742.0,3,2,57.0,7,3.0,431130.0
2477.0,5,4,18.0,3,3.0,488865.0
432.0,1,1,24.0,4,1.0,164929.0
902.0,4,2,5.0,7,0.0,387852.0
1246.0,2,1,24.0,3,0.0,254599.0
2677.0,5,3,58.0,7,3.0,646491.0
1970.0,2,1,42.0,6,1.0,430181.0
2260.0,3,2,28.0,5,2.0,497230.0
1116.0,3,2,18.0,4,3.0,319267.0
1128.0,1,1,22.0,8,3.0,415907.0
2069.0,2,1,37.0,5,1.0,385688.0
1835.0,3,1,15.0,4,2.0,404667.0
2129.0,5,3,9.0,4,0.0,468864.0
1687.0,3,3,42.0,5,3.0,406024.0
1967.0,3,3,52.0,7,3.0,489265.0
1895.0,2,1,54.0,10,1.0,587537.0
2267.0,4,3,50.0,4,1.0,420065.0
2284.0,4,2,32.0,2,2.0,343527.0
828.0,1,1,47.0,10,1.0,359725.0
452.0,2,1,56.0,2,2.0,83306.0
2401.0,5,3,1.0,10,0.0,773279.0
2513.0,5,3,25.0,2,1.0,403141.0
1188.0,2,2,12.0,4,3.0,327131.0
684.0,2,2,60.0,10,3.0,383294.0
1859.0,3,2,56.0,2,0.0,248897.0
2359.0,5,4,48.0,2,3.0,376278.0
2879.0,4,2,18.0,7,0.0,677028.0
2110.0,2,1,57.0,2,3.0,295484.0
1577.0,2,1,2.0,1,1.0,253447.0
1264.0,2,2,11.0,7,1.0,408122.0
1807.0,3,2,37.0,10,2.0,577725.0
1620.0,3,1,48.0,8,3.0,472108.0
1191.0,3,2,53.0,10,1.0,473914.0
3029.0,6,4,18.0,6,,703840.0
2871.0,4,4,23.0,7,3.0,713658.0
2482.0,4,3,27.0,10,3.0,749683.0
1247.0,1,1,2.0,6,2.0,372999.0
2313.0,4,3,52.0,1,0.0,286055.0
2184.0,4,2,20.0,3,3.0,416441.0
2066.0,1,1,12.0,7,2.0,546641.0
2550.0,6,4,25.0,9,2.0,739504.0
2181.0,4,3,43.0,7,0.0,525062.0
2244.0,3,2,52.0,5,3.0,481985.0
2182.0,5,3,13.0,4,2.0,502156.0
2004.0,3,2,10.0,7,0.0,520366.0
730.0,1,1,57.0,9,1.0,337251.0
1850.0,3,2,33.0,3,1.0,311472.0
1466.0,4,3,22.0,6,3.0,437525.0
1032.0,2,2,12.0,5,1.0,310676.0
2809.0,5,4,60.0,3,3.0,467388.0
2837.0,6,5,43.0,5,2.0,607976.0
2616.0,5,4,13.0,1,1.0,410553.0
1953.0,3,3,5.0,6,1.0,523859.0
2610.0,5,3,12.0,2,3.0,453392.0
1807.0,5,4,15.0,5,1.0,473093.0
1922.0,3,3,7.0,9,2.0,635893.0
1144.0,2,1,14.0,2,0.0,181743.0
2038.0,4,2,7.0,3,1.0,406609.0
1836.0,4,3,23.0,8,2.0,567029.0
1018.0,1,1,29.0,10,1.0,427851.0
1769.0,3,1,27.0,10,3.0,596857.0
1752.0,2,2,50.0,2,0.0,228739.0
2879.0,4,4,15.0,3,3.0,533338.0
2337.0,4,2,53.0,10,0.0,680174.0
1807.0,3,3,54.0,6,1.0,451176.0
1949.0,4,2,58.0,9,2.0,517745.0
1827.0,3,2,11.0,1,1.0,287755.0
1678.0,2,2,15.0,2,2.0,310540.0
1151.0,1,1,37.0,3,3.0,219587.0
1709.0,4,3,8.0,1,1.0,305165.0
1352.0,3,2,5.0,9,2.0,557041.0
1050.0,2,1,4.0,9,3.0,452622.0
2107.0,3,2,36.0,4,3.0,417344.0
2035.0,4,3,48.0,1,0.0,289411.0
728.0,1,2,16.0,2,2.0,152250.0
1726.0,3,1,56.0,3,3.0,282200.0
2397.0,6,4,48.0,8,3.0,647000.0
2436.0,4,2,5.0,9,3.0,742782.0
2416.0,3,2,24.0,6,0.0,550605.0
1823.0,3,3,4.0,10,3.0,673345.0
1293.0,2,1,55.0,10,3.0,472793.0
1150.0,1,1,45.0,8,2.0,350413.0
2007.0,4,3,41.0,1,0.0,288657.0
2028.0,4,3,41.0,9,0.0,585795.0
2572.0,4,3,17.0,10,1.0,766605.0
2460.0,4,2,56.0,6,3.0,540734.0
1721.0,2,1,55.0,6,0.0,367730.0
1053.0,2,1,44.0,8,2.0,385432.0
1609.0,2,1,28.0,6,0.0,397965.0
1930.0,3,2,3.0,4,3.0,444177.0
1679.0,4,3,2.0,7,0.0,520865.0
1453.0,3,2,8.0,8,0.0,472732.0
1952.0,4,3,36.0,2,0.0,305909.0
1498.0,3,3,48.0,7,2.0,445957.0
1423.0,3,3,57.0,2,3.0,217626.0
1987.0,3,2,11.0,6,1.0,487873.0
1559.0,3,2,17.0,2,2.0,273504.0
1946.0,3,2,3.0,10,2.0,674621.0
1964.0,4,3,59.0,7,1.0,504066.0
1116.0,2,1,47.0,5,3.0,288947.0
1511.0,2,2,29.0,6,1.0,361452.0
2663.0,4,4,35.0,7,0.0,638005.0
1103.0,2,1,34.0,2,0.0,160935.0
530.0,1,1,15.0,6,0.0,250521.0
683.0,1,1,11.0,8,0.0,333171.0
1817.0,3,2,18.0,3,0.0,324669.0
1819.0,4,3,15.0,5,0.0,439088.0
1729.0,5,3,33.0,4,0.0,363564.0
2529.0,4,3,18.0,2,2.0,428154.0
400.0,1,1,44.0,10,0.0,288710.0
2038.0,3,2,34.0,6,2.0,463676.0
2737.0,5,3,32.0,4,0.0,517739.0
1123.0,2,1,57.0,4,3.0,248615.0
1572.0,2,1,19.0,7,1.0,452145.0
1348.0,2,1,38.0,2,1.0,190724.0
1263.0,1,1,0.0,6,2.0,379297.0
1604.0,3,2,44.0,3,3.0,288075.0
2656.0,4,3,30.0,9,3.0,750940.0
2902.0,5,4,13.0,8,1.0,747640.0
1598.0,2,1,0.0,8,1.0,526745.0
2943.0,4,3,42.0,2,1.0,438600.0
1821.0,3,2,40.0,1,0.0,245802.0
2852.0,5,4,40.0,5,1.0,592227.0
1744.0,3,2,26.0,4,3.0,389836.0
1879.0,4,2,38.0,8,1.0,506852.0
2019.0,4,2,34.0,8,1.0,566154.0
3707.0,6,3,14.0,4,0.0,673470.0
2311.0,5,4,31.0,2,1.0,382843.0
1376.0,3,2,31.0,4,0.0,318317.0
2381.0,4,3,49.0,6,1.0,516856.0
1583.0,3,3,26.0,3,1.0,308682.0
1506.0,3,3,26.0,4,3.0,378665.0
2345.0,4,3,59.0,3,2.0,375584.0
1819.0,2,1,54.0,1,1.0,186312.0
1967.0,3,1,15.0,7,2.0,509577.0
1808.0,3,2,55.0,10,3.0,567557.0
2002.0,4,3,8.0,10,0.0,665324.0
2055.0,3,2,51.0,10,1.0,619166.0
638.0,2,1,11.0,7,2.0,307190.0
2200.0,5,4,26.0,8,0.0,592732.0
1211.0,3,2,59.0,1,2.0,150524.0
935.0,2,1,6.0,3,0.0,213171.0
1765.0,2,1,50.0,8,3.0,482626.0
1850.0,3,3,30.0,10,3.0,655736.0
1384.0,2,2,7.0,10,0.0,545853.0
2299.0,3,2,,7,2.0,548592.0
995.0,1,1,33.0,2,0.0,146868.0
1556.0,4,1,53.0,10,2.0,542124.0
1449.0,3,2,52.0,4,2.0,285955.0
1772.0,4,2,1.0,1,3.0,316667.0
1967.0,3,2,16.0,8,0.0,544791.0
1195.0,4,2,20.0,2,2.0,233577.0
2235.0,4,3,32.0,4,3.0,455120.0
1838.0,3,3,4.0,7,0.0,509448.0
665.0,1,1,23.0,10,1.0,389940.0
625.0,2,1,49.0,10,2.0,354209.0
1793.0,3,2,10.0,2,0.0,311265.0
1667.0,2,2,42.0,2,0.0,216676.0
1738.0,4,3,28.0,9,3.0,600558.0
1783.0,4,2,4.0,4,2.0,444386.0
1935.0,4,3,11.0,1,0.0,326258.0
2369.0,4,4,8.0,6,3.0,637433.0
1133.0,2,2,37.0,7,2.0,371352.0
1097.0,2,1,5.0,10,1.0,490705.0
1144.0,2,1,49.0,5,3.0,288974.0
1973.0,4,3,48.0,8,1.0,537161.0
2547.0,5,3,5.0,6,1.0,591255.0
1541.0,4,2,53.0,10,2.0,548759.0
400.0,1,1,58.0,5,0.0,125484.0
778.0,1,1,3.0,7,0.0,307746.0
1300.0,3,2,57.0,10,0.0,455876.0
1465.0,4,3,17.0,9,1.0,540585.0
1555.0,4,3,40.0,5,0.0,365877.0
1823.0,4,4,10.0,6,2.0,517516.0
1613.0,3,2,49.0,6,3.0,425533.0
2430.0,4,3,51.0,2,1.0,333632.0
1394.0,3,2,59.0,3,0.0,219650.0
1283.0,3,2,60.0,8,0.0,371530.0
2087.0,4,3,5.0,1,0.0,349435.0
879.0,2,1,39.0,7,2.0,308686.0
2034.0,3,2,16.0,5,1.0,452603.0
1862.0,3,3,8.0,5,1.0,473425.0
1712.0,3,2,9.0,9,3.0,614140.0
2753.0,5,4,56.0,3,1.0,471473.0
1427.0,4,3,41.0,8,2.0,449319.0
3036.0,5,3,3.0,8,3.0,809432.0
1665.0,3,3,59.0,10,0.0,538602.0
1034.0,1,1,48.0,9,0.0,368808.0
1842.0,4,3,19.0,6,0.0,477431.0
1154.0,3,1,28.0,4,0.0,279923.0
1349.0,3,2,44.0,8,3.0,461721.0
2038.0,4,3,41.0,10,3.0,673414.0
2133.0,4,4,28.0,3,2.0,416128.0
1427.0,2,2,31.0,4,0.0,330777.0
2392.0,4,3,3.0,5,3.0,559371.0
2495.0,4,2,30.0,2,3.0,374151.0
2662.0,4,3,20.0,4,1.0,511729.0
2118.0,4,3,17.0,2,2.0,375762.0
2618.0,5,3,16.0,8,2.0,727192.0
672.0,1,1,39.0,5,,205915.0
1609.0,3,2,26.0,7,1.0,465936.0
1280.0,3,2,26.0,1,1.0,172321.0
1872.0,5,3,10.0,6,1.0,527533.0
1457.0,2,1,58.0,8,1.0,405231.0
1700.0,2,2,13.0,7,3.0,497692.0
2929.0,4,3,24.0,8,3.0,777757.0
1698.0,3,2,11.0,2,0.0,310705.0
2048.0,4,3,42.0,6,0.0,456410.0
1661.0,3,2,26.0,5,1.0,388899.0
1845.0,3,2,25.0,9,3.0,633125.0
1804.0,3,2,53.0,7,2.0,486390.0
2069.0,3,2,46.0,10,3.0,651574.0
2499.0,4,2,31.0,1,2.0,317678.0
2788.0,5,3,28.0,5,2.0,602302.0
1986.0,2,1,58.0,8,2.0,487260.0
2154.0,3,1,57.0,1,0.0,248217.0
1109.0,1,1,42.0,7,0.0,310728.0
1747.0,3,2,46.0,3,2.0,311948.0
2364.0,4,3,54.0,1,1.0,288620.0
2320.0,4,4,58.0,7,2.0,554191.0
1927.0,2,1,5.0,5,1.0,448613.0
2332.0,3,3,60.0,5,0.0,416697.0
2094.0,4,3,42.0,4,2.0,451182.0
2520.0,2,2,36.0,7,3.0,576632.0
1974.0,4,2,25.0,7,1.0,507301.0
1587.0,1,1,20.0,7,0.0,436601.0
2002.0,4,3,48.0,8,1.0,564695.0
400.0,1,1,39.0,7,3.0,240444.0
2030.0,4,2,12.0,1,1.0,294408.0
400.0,3,2,37.0,2,0.0,83464.0
766.0,1,1,8.0,10,3.0,429770.0
2071.0,4,3,30.0,3,0.0,376711.0
2087.0,2,2,35.0,5,0.0,418630.0
1103.0,2,2,38.0,4,2.0,267189.0
1373.0,2,1,9.0,10,1.0,542383.0
2622.0,4,4,6.0,9,0.0,765373.0
1510.0,2,1,16.0,5,0.0,349251.0
3146.0,6,4,36.0,7,0.0,705119.0
1799.0,2,1,56.0,6,0.0,376998.0
2045.0,4,3,47.0,7,0.0,503515.0
2770.0,4,1,45.0,10,1.0,740194.0
1879.0,2,1,20.0,7,3.0,495932.0
1199.0,3,1,7.0,2,1.0,246411.0
1734.0,3,3,54.0,6,0.0,382488.0
1779.0,4,4,30.0,9,3.0,599150.0
981.0,2,2,6.0,1,2.0,207732.0
1647.0,2,1,32.0,4,3.0,322728.0
1355.0,2,1,41.0,3,2.0,257694.0
2355.0,4,2,19.0,8,1.0,611454.0
1821.0,4,4,1.0,2,2.0,350884.0
1630.0,3,2,37.0,7,0.0,413852.0
1736.0,3,1,2.0,1,1.0,273128.0
1934.0,3,3,26.0,10,1.0,649724.0
2170.0,4,4,49.0,4,1.0,437669.0
1200.0,3,3,60.0,5,3.0,323193.0
1175.0,2,2,22.0,8,3.0,456590.0
2463.0,4,3,1.0,4,1.0,505065.0
1553.0,2,1,30.0,2,3.0,242858.0
950.0,1,1,17.0,10,0.0,447817.0
2066.0,2,1,54.0,2,3.0,303372.0
2078.0,3,2,43.0,5,2.0,416953.0
882.0,3,2,24.0,2,2.0,213014.0
1938.0,3,2,46.0,7,2.0,458771.0
2241.0,4,2,20.0,3,3.0,429697.0
2025.0,2,1,31.0,10,2.0,622193.0
2179.0,4,4,55.0,3,3.0,384349.0
957.0,1,2,12.0,7,2.0,373933.0
1999.0,3,2,19.0,1,1.0,275578.0
1618.0,3,2,53.0,2,0.0,228587.0
1510.0,2,1,28.0,3,3.0,291190.0
2322.0,2,2,19.0,9,0.0,658338.0
2688.0,5,4,2.0,10,0.0,845816.0
2877.0,5,3,25.0,7,0.0,673708.0
2589.0,4,3,30.0,4,0.0,469645.0
1734.0,2,2,24.0,4,0.0,331288.0
2012.0,2,2,17.0,3,1.0,390510.0
2260.0,4,4,22.0,4,1.0,494396.0
1873.0,4,4,39.0,5,1.0,446031.0
1878.0,3,2,53.0,7,1.0,459854.0
2294.0,3,2,39.0,3,1.0,388359.0
1764.0,3,2,39.0,1,0.0,241691.0
1362.0,2,1,49.0,6,2.0,330083.0
1551.0,3,2,10.0,3,1.0,324975.0
2180.0,4,3,18.0,5,2.0,487606.0
1802.0,1,1,3.0,8,0.0,522280.0
2004.0,4,2,21.0,9,3.0,655320.0
2202.0,3,2,60.0,6,,481670.0
1575.0,2,1,20.0,10,1.0,556775.0
2254.0,4,2,52.0,3,1.0,319114.0
2027.0,4,3,5.0,8,1.0,603929.0
1059.0,1,1,28.0,10,3.0,466566.0
2665.0,5,4,21.0,3,2.0,496381.0
1500.0,3,2,12.0,8,1.0,500492.0
807.0,1,1,22.0,5,2.0,261619.0
1173.0,1,1,39.0,9,0.0,397867.0
1187.0,1,1,29.0,4,3.0,274445.0
1831.0,4,3,51.0,10,2.0,598528.0
1636.0,2,1,54.0,8,1.0,427940.0
1598.0,3,3,29.0,8,2.0,538679.0
2172.0,4,3,59.0,1,0.0,252305.0
2004.0,3,3,4.0,1,1.0,289651.0
1990.0,2,1,17.0,7,3.0,554729.0
2046.0,3,2,25.0,5,3.0,451246.0
2170.0,4,4,35.0,4,0.0,443779.0
535.0,1,1,33.0,9,2.0,318027.0
1581.0,3,2,34.0,5,2.0,384879.0
492.0,1,1,54.0,5,2.0,165158.0
1822.0,3,2,17.0,4,1.0,402653.0
1797.0,4,4,49.0,10,2.0,606784.0
2427.0,3,3,33.0,4,1.0,446888.0
2513.0,4,2,29.0,3,3.0,449019.0
1922.0,4,3,18.0,7,3.0,550407.0
1500.0,4,3,18.0,1,3.0,241062.0
2091.0,4,4,23.0,6,1.0,518763.0
1483.0,2,1,46.0,6,2.0,404550.0
1799.0,3,3,29.0,3,0.0,303451.0
2392.0,4,3,9.0,8,3.0,687052.0
1465.0,3,1,46.0,1,3.0,188297.0
2283.0,3,2,40.0,10,3.0,710656.0
2206.0,4,3,57.0,9,0.0,579618.0
1227.0,4,2,32.0,2,1.0,224214.0
2384.0,4,3,39.0,5,1.0,502553.0
2219.0,3,3,29.0,2,3.0,367529.0
1861.0,2,2,41.0,7,2.0,463859.0
1343.0,3,2,26.0,4,2.0,318629.0
1284.0,2,1,8.0,5,1.0,340118.0
1477.0,3,2,59.0,10,0.0,485905.0
2126.0,3,2,43.0,7,2.0,534613.0
1227.0,3,3,37.0,9,2.0,481772.0
2063.0,3,2,29.0,7,1.0,531353.0
1055.0,1,1,43.0,5,2.0,266154.0
1678.0,3,2,8.0,1,1.0,282046.0
1866.0,2,1,20.0,1,2.0,280020.0
3267.0,6,5,7.0,6,1.0,747181.0
974.0,2,2,8.0,6,3.0,377496.0
2683.0,5,4,1.0,6,3.0,653775.0
1890.0,3,2,45.0,9,1.0,517664.0
2047.0,3,2,14.0,1,0.0,319848.0
1871.0,3,1,50.0,7,2.0,454392.0
2067.0,4,3,54.0,8,3.0,568373.0
1708.0,2,1,10.0,7,2.0,468238.0
2672.0,4,3,43.0,3,1.0,419446.0
1526.0,3,4,28.0,5,2.0,390946.0
2479.0,4,3,55.0,1,1.0,319707.0
1413.0,4,2,29.0,2,3.0,260138.0
1764.0,3,2,23.0,9,2.0,567759.0
1157.0,2,1,18.0,7,2.0,379696.0
2073.0,4,2,54.0,9,1.0,593459.0
2667.0,4,4,14.0,7,0.0,673412.0
1754.0,2,2,50.0,3,2.0,284250.0
1682.0,2,2,12.0,9,1.0,569110.0
1131.0,1,1,39.0,7,3.0,352733.0
1662.0,3,2,27.0,2,0.0,261201.0
844.0,2,2,6.0,1,3.0,183158.0
1252.0,2,2,8.0,8,3.0,486465.0
1936.0,1,1,17.0,8,2.0,529005.0
2591.0,6,5,46.0,1,3.0,402092.0
3486.0,5,4,44.0,5,2.0,705507.0
1448.0,4,3,12.0,10,0.0,578907.0
2661.0,3,3,29.0,8,1.0,670474.0
1946.0,3,2,6.0,9,3.0,635881.0
1709.0,1,1,43.0,4,3.0,330679.0
2060.0,4,3,48.0,2,0.0,279164.0
1837.0,2,1,54.0,4,0.0,330674.0
1866.0,2,2,,7,3.0,481850.0
1555.0,2,2,20.0,9,0.0,507352.0
961.0,2,1,15.0,7,3.0,375045.0
874.0,2,1,54.0,1,2.0,86024.0
2192.0,5,4,9.0,6,3.0,594021.0
1634.0,2,1,4.0,2,0.0,278268.0
1442.0,3,2,19.0,7,1.0,447114.0
1805.0,2,1,46.0,5,2.0,354275.0
2277.0,4,3,42.0,6,0.0,498219.0
1908.0,3,1,59.0,6,0.0,411259.0
1406.0,3,2,22.0,7,2.0,434705.0
2536.0,5,4,17.0,1,0.0,345024.0
2748.0,5,4,23.0,10,3.0,825401.0
2097.0,3,3,47.0,6,2.0,517834.0
2384.0,5,4,13.0,6,2.0,615297.0
2545.0,4,4,57.0,4,2.0,456768.0
2478.0,4,3,31.0,2,2.0,397057.0
2168.0,3,2,47.0,7,3.0,540234.0
2159.0,3,2,50.0,4,0.0,347962.0
2112.0,5,4,29.0,10,0.0,670699.0
1142.0,2,2,44.0,7,2.0,367559.0
2220.0,4,3,22.0,5,0.0,509717.0
987.0,1,1,49.0,1,0.0,82402.0
1323.0,4,3,49.0,6,0.0,379163.0
2582.0,5,4,34.0,9,0.0,701133.0
2304.0,3,3,13.0,5,1.0,461277.0
2692.0,4,3,58.0,7,2.0,615341.0
1637.0,3,2,57.0,2,0.0,226320.0
1109.0,2,1,37.0,5,3.0,305803.0
1656.0,2,1,59.0,8,3.0,462605.0
1861.0,3,2,30.0,5,2.0,424416.0
1847.0,4,3,23.0,9,0.0,584526.0
2480.0,3,2,28.0,5,2.0,507890.0
1583.0,2,1,3.0,9,3.0,555206.0
2011.0,3,2,33.0,7,0.0,494166.0
1207.0,2,2,40.0,10,2.0,456024.0
2070.0,5,3,7.0,6,2.0,535505.0
1802.0,4,3,15.0,5,2.0,453329.0
1350.0,3,2,43.0,4,3.0,269787.0
1659.0,3,2,48.0,7,0.0,394050.0
1689.0,3,2,59.0,10,0.0,521616.0
1638.0,2,2,15.0,2,0.0,271411.0
2863.0,5,3,50.0,10,1.0,772010.0
1741.0,3,2,10.0,10,1.0,582271.0
1654.0,4,3,8.0,8,3.0,591618.0
542.0,1,1,44.0,6,2.0,197589.0
1263.0,2,1,27.0,9,2.0,452360.0
1642.0,3,1,48.0,3,2.0,257249.0
1388.0,3,2,17.0,7,3.0,475961.0
2629.0,3,1,13.0,9,1.0,714977.0
1701.0,3,2,33.0,9,2.0,540365.0
2573.0,4,4,7.0,6,1.0,614003.0
1837.0,2,1,17.0,4,0.0,363352.0
1822.0,2,1,10.0,10,3.0,611042.0
1747.0,3,3,19.0,7,0.0,498755.0
1802.0,4,3,46.0,8,1.0,508486.0
2831.0,6,4,7.0,7,1.0,728607.0
408.0,1,1,37.0,9,0.0,290698.0
599.0,2,2,35.0,5,3.0,229456.0
1474.0,2,2,32.0,6,1.0,353413.0
1809.0,4,3,29.0,9,1.0,578474.0
2214.0,3,2,40.0,6,1.0,466502.0
2084.0,3,1,51.0,3,3.0,338432.0
1569.0,2,1,10.0,8,1.0,490053.0
2411.0,3,1,49.0,4,3.0,415754.0
2418.0,5,3,4.0,2,2.0,419563.0
1910.0,3,2,29.0,4,3.0,417242.0
2378.0,3,3,31.0,1,2.0,328543.0
1964.0,2,1,12.0,9,3.0,646396.0
1463.0,2,2,5.0,10,2.0,579734.0
2219.0,5,3,4.0,3,0.0,443306.0
1866.0,5,4,2.0,10,0.0,682808.0
1801.0,2,1,34.0,8,3.0,517682.0
2684.0,4,3,9.0,10,0.0,807170.0
400.0,1,2,49.0,2,0.0,79863.0
949.0,2,2,54.0,1,3.0,97585.0
1088.0,2,1,18.0,10,1.0,487792.0
1582.0,2,3,10.0,3,0.0,330953.0
1647.0,3,2,25.0,6,0.0,419500.0
896.0,1,1,53.0,10,1.0,407508.0
1209.0,3,1,24.0,4,3.0,327298.0
1283.0,3,2,7.0,1,1.0,236897.0
3274.0,6,4,59.0,8,3.0,767639.0
2881.0,3,2,30.0,5,2.0,546453.0
1553.0,3,2,21.0,1,1.0,244964.0
1582.0,4,3,54.0,4,0.0,331381.0
1110.0,3,3,56.0,6,3.0,302630.0
655.0,1,1,30.0,9,3.0,377714.0
1730.0,3,2,18.0,3,0.0,322617.0
1201.0,1,1,29.0,6,1.0,301711.0
1749.0,4,2,13.0,2,2.0,330919.0
840.0,2,1,29.0,3,3.0,216661.0
1343.0,2,1,14.0,3,3.0,284634.0
1889.0,3,2,37.0,6,1.0,429434.0
2020.0,2,2,46.0,7,3.0,526721.0
2050.0,3,2,58.0,2,2.0,275070.0
1008.0,2,1,51.0,1,1.0,122820.0
2313.0,4,2,5.0,8,1.0,624258.0
1320.0,1,1,13.0,3,3.0,286700.0
2180.0,3,2,32.0,7,3.0,560173.0
1794.0,4,3,15.0,1,3.0,321705.0
974.0,1,1,1.0,7,1.0,393943.0
1610.0,3,2,45.0,10,1.0,530996.0
2019.0,3,2,21.0,5,3.0,473972.0
2168.0,5,3,4.0,6,1.0,543029.0
1715.0,3,2,31.0,3,3.0,311351.0
2719.0,4,1,59.0,3,2.0,396857.0
2405.0,5,3,41.0,1,2.0,345620.0
1646.0,2,1,10.0,5,0.0,408593.0
2250.0,4,3,31.0,10,0.0,711884.0
2960.0,5,3,54.0,2,2.0,424797.0
2976.0,5,3,3.0,5,1.0,641723.0
1063.0,2,1,38.0,9,2.0,429477.0
1244.0,2,1,43.0,5,3.0,316141.0
2691.0,4,3,42.0,8,0.0,651636.0
1165.0,2,1,9.0,4,3.0,310752.0
1006.0,3,2,54.0,7,0.0,314259.0
1508.0,2,1,19.0,10,0.0,532734.0
2052.0,4,2,3.0,6,3.0,540971.0
1739.0,3,2,5.0,8,0.0,537467.0
1410.0,2,1,27.0,7,2.0,409733.0
1395.0,1,1,2.0,1,0.0,189789.0
1373.0,3,1,47.0,2,0.0,201945.0
1272.0,2,2,52.0,7,0.0,359088.0
3169.0,6,5,1.0,4,2.0,689295.0
1979.0,3,3,49.0,5,1.0,418103.0
2332.0,3,2,59.0,5,0.0,419726.0
1507.0,3,2,2.0,8,3.0,524709.0
1688.0,4,4,43.0,10,0.0,583170.0
1372.0,2,1,60.0,10,0.0,459533.0
400.0,1,1,48.0,1,0.0,30000.0
973.0,1,1,30.0,8,3.0,357680.0
714.0,1,2,53.0,8,1.0,287227.0
450.0,1,2,42.0,9,3.0,322070.0
1083.0,2,1,18.0,5,3.0,330724.0
2595.0,4,2,13.0,6,1.0,570083.0
1773.0,4,3,31.0,5,3.0,440696.0
2574.0,4,3,22.0,4,1.0,504233.0
2047.0,3,1,20.0,3,2.0,363242.0
2270.0,4,2,11.0,7,2.0,589736.0
1259.0,2,2,51.0,1,3.0,153499.0
2114.0,3,2,42.0,8,0.0,545124.0
2237.0,4,3,20.0,9,0.0,673770.0
1454.0,3,2,14.0,3,2.0,333079.0
2136.0,3,2,8.0,3,3.0,403548.0
2140.0,3,1,7.0,6,2.0,521135.0
1470.0,2,1,38.0,9,0.0,431177.0
1126.0,2,1,7.0,2,0.0,212510.0
1090.0,2,1,58.0,5,2.0,260565.0
1852.0,4,3,17.0,3,3.0,414120.0
1996.0,3,2,2.0,9,2.0,615547.0
1324.0,2,1,51.0,9,1.0,413315.0
1816.0,3,2,22.0,1,2.0,273818.0
2142.0,3,2,21.0,2,0.0,309548.0
2171.0,3,1,7.0,2,1.0,357945.0
2731.0,4,3,40.0,9,3.0,744229.0
2566.0,5,3,22.0,10,2.0,758001.0
1199.0,2,1,49.0,4,0.0,229155.0
2810.0,4,3,38.0,2,0.0,391637.0
1481.0,3,2,53.0,7,0.0,410243.0
2427.0,5,3,37.0,9,1.0,682628.0
1841.0,4,2,47.0,10,0.0,568869.0
1553.0,2,2,42.0,5,3.0,342848.0
715.0,1,1,28.0,8,1.0,329807.0
1697.0,4,3,41.0,10,0.0,595359.0
864.0,2,1,40.0,9,1.0,359123.0
2380.0,4,3,0.0,5,2.0,552605.0
2710.0,5,4,42.0,3,2.0,462598.0
1322.0,3,2,16.0,4,3.0,363480.0
1981.0,3,3,33.0,4,1.0,368324.0
1365.0,2,2,7.0,10,2.0,578834.0
1423.0,3,2,1.0,8,2.0,507676.0
2265.0,3,1,1.0,9,0.0,656886.0
1777.0,3,2,9.0,8,0.0,534156.0
2844.0,4,3,1.0,5,3.0,635254.0
1511.0,2,2,8.0,8,1.0,488791.0
2400.0,4,3,34.0,7,2.0,611676.0
1858.0,3,2,24.0,8,3.0,573049.0
2277.0,4,3,59.0,4,0.0,381867.0
1532.0,2,2,49.0,3,3.0,283608.0
1770.0,3,2,9.0,2,0.0,301093.0
1731.0,2,2,25.0,3,2.0,326843.0
1298.0,2,1,26.0,10,0.0,512537.0
2197.0,4,2,22.0,10,1.0,675379.0
2190.0,4,2,30.0,2,1.0,357078.0
2156.0,3,2,40.0,6,1.0,486633.0
2722.0,5,4,38.0,10,0.0,770830.0
2670.0,3,3,21.0,8,3.0,706871.0
1575.0,3,2,42.0,7,0.0,424126.0
2024.0,6,4,17.0,6,3.0,543629.0
1426.0,2,1,50.0,4,0.0,246983.0
1814.0,3,3,58.0,10,2.0,563701.0
1440.0,3,3,18.0,1,2.0,241891.0
2772.0,6,5,47.0,9,,773284.0
2018.0,4,3,49.0,9,2.0,604167.0
1669.0,1,1,29.0,3,0.0,252643.0
2516.0,5,3,5.0,6,3.0,626735.0
498.0,3,2,47.0,9,0.0,314676.0
592.0,1,1,24.0,5,2.0,236041.0
2278.0,3,2,12.0,4,0.0,437490.0
1836.0,3,2,38.0,1,2.0,231415.0
1950.0,2,1,26.0,5,1.0,410155.0
1004.0,3,3,5.0,3,1.0,282547.0
1786.0,2,2,59.0,9,0.0,499927.0
3002.0,5,4,15.0,9,0.0,796558.0
2295.0,3,1,31.0,4,1.0,444349.0
1902.0,3,3,40.0,3,2.0,343974.0
1537.0,4,2,7.0,3,2.0,347142.0
1563.0,3,2,44.0,5,1.0,339890.0
522.0,1,1,39.0,7,2.0,271442.0
1955.0,2,2,30.0,2,0.0,298088.0
2307.0,3,2,32.0,10,2.0,694910.0
855.0,1,1,57.0,8,2.0,294315.0
1403.0,2,1,55.0,2,0.0,189076.0
1106.0,3,1,7.0,4,0.0,297058.0
1221.0,2,2,22.0,8,2.0,457142.0
1832.0,4,3,31.0,6,2.0,475527.0
549.0,1,1,,6,3.0,211531.0
2169.0,3,2,49.0,1,1.0,260373.0
2252.0,3,1,23.0,5,1.0,499965.0
1649.0,3,1,53.0,7,1.0,404011.0
400.0,2,2,23.0,8,3.0,301906.0
1202.0,1,1,16.0,5,1.0,307681.0
2540.0,4,3,37.0,6,1.0,552343.0
400.0,2,1,21.0,3,1.0,159598.0
1591.0,2,2,37.0,8,2.0,457538.0
1092.0,2,2,25.0,7,2.0,374065.0
2283.0,5,4,48.0,8,1.0,612572.0
1395.0,2,1,57.0,7,1.0,378564.0
2042.0,4,3,16.0,10,2.0,699837.0
2139.0,5,3,31.0,9,1.0,665581.0
2902.0,6,4,43.0,9,3.0,791615.0
1678.0,3,1,10.0,4,2.0,372798.0
2026.0,3,1,48.0,1,1.0,248849.0
909.0,1,1,35.0,1,0.0,80437.0
2514.0,5,5,,8,3.0,709064.0
1344.0,1,1,52.0,9,2.0,447060.0
1464.0,2,1,26.0,7,3.0,437687.0
1787.0,3,2,11.0,8,2.0,570306.0
862.0,1,2,12.0,1,3.0,156206.0
1937.0,3,2,47.0,6,0.0,447574.0
2380.0,6,5,56.0,7,0.0,591815.0
1976.0,3,2,23.0,2,2.0,328105.0
847.0,1,1,5.0,8,0.0,373436.0
1726.0,4,3,6.0,4,3.0,434488.0
2245.0,4,2,39.0,2,3.0,341539.0
673.0,2,2,22.0,7,2.0,317521.0
1155.0,2,1,26.0,5,2.0,313667.0
2326.0,4,3,20.0,6,1.0,548219.0
1962.0,2,1,28.0,6,3.0,445411.0
2047.0,2,1,39.0,7,0.0,481067.0
2916.0,4,2,32.0,5,1.0,577781.0
2081.0,4,2,10.0,9,2.0,668312.0
2195.0,3,3,29.0,9,3.0,663465.0
3426.0,6,4,28.0,5,0.0,685915.0
1672.0,3,2,33.0,2,3.0,300297.0
1321.0,2,1,7.0,3,1.0,280783.0
2057.0,3,2,9.0,8,3.0,578722.0
2063.0,4,2,32.0,3,1.0,382461.0
1484.0,2,1,17.0,8,2.0,465572.0
1181.0,1,1,38.0,7,0.0,321549.0
3186.0,6,4,22.0,5,0.0,632489.0
1996.0,4,2,13.0,2,2.0,391281.0
1361.0,2,1,39.0,6,2.0,360814.0
2350.0,4,3,24.0,7,1.0,578576.0
1735.0,3,2,,2,2.0,309919.0
1648.0,3,2,49.0,9,3.0,523761.0
2137.0,3,3,26.0,2,1.0,354850.0
1025.0,3,2,55.0,5,2.0,271189.0
2012.0,3,3,12.0,6,0.0,489823.0
2948.0,6,4,53.0,8,2.0,729041.0
2080.0,3,2,49.0,3,3.0,342572.0
1574.0,3,2,6.0,4,2.0,395620.0
1496.0,3,2,32.0,9,0.0,498188.0
1554.0,3,1,39.0,4,2.0,304346.0
1648.0,2,1,30.0,7,1.0,448830.0
1573.0,3,2,23.0,4,0.0,342031.0
2350.0,5,4,57.0,1,2.0,313977.0
760.0,1,1,42.0,6,1.0,255911.0
2317.0,4,3,58.0,4,3.0,439915.0
1572.0,2,1,51.0,3,3.0,281743.0
2026.0,3,2,49.0,9,2.0,587416.0
1124.0,3,2,44.0,8,2.0,398383.0
2597.0,4,3,39.0,3,1.0,409558.0
2547.0,4,3,53.0,6,0.0,531162.0
2376.0,5,3,37.0,8,0.0,625035.0
891.0,2,1,5.0,1,1.0,161624.0
2297.0,5,3,35.0,1,1.0,281789.0
2043.0,3,1,6.0,6,3.0,530460.0
837.0,1,1,57.0,10,1.0,352109.0
1785.0,3,2,39.0,10,0.0,583236.0
2019.0,3,1,33.0,5,3.0,461670.0
2134.0,2,1,12.0,8,3.0,594380.0
1906.0,4,3,31.0,5,1.0,443917.0
1975.0,4,2,21.0,10,0.0,640742.0
2684.0,4,4,41.0,6,0.0,586248.0
2536.0,4,2,36.0,9,2.0,689456.0
400.0,1,1,30.0,4,3.0,159845.0
1610.0,3,3,15.0,10,1.0,586626.0
1701.0,2,2,32.0,8,0.0,508615.0
749.0,2,1,28.0,8,1.0,343920.0
1857.0,5,3,51.0,1,0.0,255370.0
2549.0,5,4,54.0,9,1.0,692022.0
1148.0,1,1,46.0,2,1.0,170693.0
2002.0,3,3,19.0,10,2.0,656400.0
1251.0,2,1,2.0,2,0.0,234870.0
1397.0,2,1,56.0,9,1.0,441690.0
2686.0,3,1,60.0,7,0.0,569662.0
1474.0,3,2,8.0,4,1.0,394612.0
2077.0,3,2,41.0,9,3.0,612241.0
677.0,2,2,26.0,4,2.0,211801.0
2917.0,5,4,9.0,1,3.0,449937.0
2162.0,4,3,60.0,1,0.0,243220.0
1691.0,2,1,56.0,9,3.0,488712.0
2145.0,3,2,59.0,4,3.0,342414.0
954.0,2,1,9.0,9,2.0,430821.0
2510.0,5,3,30.0,1,3.0,387911.0
1606.0,2,2,54.0,1,0.0,174427.0
1678.0,3,2,41.0,10,2.0,565881.0
1505.0,2,1,26.0,2,3.0,231281.0
1452.0,2,2,31.0,7,0.0,425960.0
2217.0,4,3,2.0,4,1.0,490755.0
1954.0,3,1,37.0,6,1.0,442590.0
2191.0,3,2,52.0,2,0.0,260264.0
1795.0,2,2,0.0,3,0.0,346398.0
2108.0,3,2,10.0,8,1.0,605570.0
1549.0,4,2,31.0,6,0.0,403225.0
3138.0,5,4,34.0,6,2.0,684027.0
859.0,1,1,21.0,10,0.0,424812.0
2557.0,4,2,2.0,5,0.0,553301.0
2621.0,3,2,45.0,9,2.0,690089.0
1289.0,1,1,15.0,8,1.0,421509.0
3138.0,6,3,39.0,5,1.0,595478.0
2397.0,4,2,34.0,3,1.0,411976.0
2383.0,5,4,26.0,4,1.0,499558.0
1817.0,3,3,35.0,9,1.0,574273.0
1670.0,3,2,42.0,4,0.0,322754.0
1674.0,3,2,34.0,7,0.0,442587.0
2034.0,2,2,33.0,2,1.0,306813.0
2641.0,5,3,26.0,4,2.0,526583.0
1909.0,3,2,26.0,10,3.0,647119.0
1253.0,3,2,29.0,6,0.0,394545.0
2295.0,5,3,27.0,9,0.0,650068.0
2353.0,3,2,26.0,3,2.0,460574.0
2193.0,5,3,13.0,8,3.0,635142.0
2247.0,4,3,43.0,10,0.0,671275.0
1637.0,2,1,8.0,10,0.0,556367.0
1243.0,2,2,55.0,5,1.0,285114.0
1279.0,2,1,37.0,7,2.0,395640.0
819.0,2,2,3.0,9,2.0,440305.0
1942.0,3,2,40.0,9,0.0,573084.0
1750.0,3,3,22.0,10,2.0,616145.0
1536.0,3,2,56.0,1,1.0,148428.0
400.0,1,1,56.0,6,0.0,171801.0
1052.0,2,2,51.0,8,3.0,381176.0
2473.0,5,4,34.0,8,2.0,662540.0
1401.0,3,2,55.0,2,1.0,195264.0
2016.0,3,1,39.0,6,3.0,472935.0
966.0,2,1,53.0,2,3.0,137134.0
2663.0,4,3,10.0,1,0.0,395537.0
1714.0,3,1,54.0,2,3.0,264938.0
1974.0,4,3,40.0,10,2.0,672481.0
3195.0,6,5,18.0,3,1.0,604028.0
2710.0,5,3,60.0,5,1.0,516826.0
1616.0,2,1,41.0,3,0.0,261213.0
1444.0,3,2,55.0,9,3.0,475312.0
1605.0,3,3,0.0,9,1.0,577235.0
2106.0,4,2,33.0,7,1.0,544692.0
1737.0,3,2,43.0,9,0.0,515755.0
1563.0,3,2,1.0,2,3.0,325677.0
2680.0,4,3,46.0,10,1.0,729162.0
1731.0,2,1,39.0,5,2.0,390395.0
3180.0,5,3,16.0,5,1.0,641363.0
1854.0,3,3,41.0,2,2.0,315008.0
2871.0,5,4,8.0,9,2.0,806287.0
2014.0,4,2,49.0,2,1.0,281857.0
2378.0,5,3,52.0,9,1.0,668912.0
1365.0,3,3,29.0,8,2.0,464780.0
1288.0,2,1,30.0,8,0.0,386985.0
2076.0,4,2,,1,0.0,273217.0
2393.0,4,2,21.0,8,0.0,639445.0
1824.0,2,1,52.0,10,1.0,560489.0
1028.0,2,1,18.0,4,0.0,239314.0
984.0,2,1,24.0,5,1.0,269284.0
944.0,3,2,18.0,2,2.0,220263.0
739.0,2,1,39.0,5,2.0,250699.0
1866.0,4,3,49.0,7,3.0,500100.0
2475.0,4,4,10.0,3,3.0,501114.0
1792.0,3,2,15.0,8,1.0,554737.0
444.0,1,1,6.0,1,3.0,149799.0
1686.0,2,2,10.0,7,3.0,486936.0
1702.0,2,1,24.0,6,0.0,398461.0
3058.0,5,4,47.0,3,0.0,485327.0
926.0,1,1,32.0,4,3.0,247497.0
1566.0,2,1,3.0,3,3.0,331169.0
2824.0,5,5,38.0,7,3.0,699932.0
2070.0,3,3,48.0,7,1.0,509468.0
2138.0,3,2,24.0,6,3.0,519174.0
1869.0,3,2,15.0,2,3.0,338129.0
1998.0,5,3,46.0,3,2.0,380193.0
2267.0,4,3,1.0,9,2.0,693729.0
1314.0,2,1,49.0,5,1.0,285233.0
2327.0,4,2,48.0,5,2.0,449551.0
976.0,2,2,53.0,4,3.0,233682.0
1997.0,3,3,5.0,10,3.0,696057.0
1907.0,3,2,6.0,3,2.0,401135.0
1430.0,3,3,52.0,8,0.0,431868.0
1786.0,3,2,29.0,8,2.0,522030.0
1426.0,2,1,24.0,3,1.0,263827.0
1157.0,2,1,34.0,1,0.0,165063.0
1588.0,3,3,4.0,3,0.0,317713.0
1138.0,1,1,39.0,3,0.0,181751.0
1994.0,3,2,57.0,8,1.0,511092.0
1110.0,2,1,41.0,6,1.0,296014.0
2227.0,4,4,28.0,5,1.0,506140.0
1091.0,3,2,58.0,5,2.0,270893.0
1460.0,3,2,41.0,10,2.0,536540.0
1425.0,3,2,3.0,10,1.0,576517.0
2595.0,6,4,40.0,1,1.0,372474.0
1998.0,4,2,4.0,9,3.0,637310.0
1673.0,3,2,18.0,4,1.0,368823.0
2099.0,4,3,37.0,8,0.0,541691.0
536.0,1,2,13.0,10,3.0,400541.0
1774.0,3,2,2.0,6,0.0,479342.0
2999.0,5,3,37.0,7,3.0,717193.0
1879.0,3,2,17.0,5,1.0,469801.0
1841.0,3,2,32.0,1,3.0,262132.0
2129.0,3,3,16.0,1,0.0,297987.0
2337.0,4,3,41.0,4,0.0,439492.0
602.0,1,1,54.0,9,1.0,326778.0
791.0,1,1,5.0,4,1.0,262485.0
1926.0,2,1,47.0,5,2.0,369614.0
1371.0,1,1,9.0,6,2.0,390558.0
2587.0,4,3,20.0,4,3.0,536414.0
1611.0,3,2,21.0,5,2.0,413836.0
639.0,1,1,12.0,7,0.0,304006.0
1039.0,2,1,5.0,9,0.0,436165.0
400.0,1,1,46.0,8,1.0,255944.0
1660.0,4,3,48.0,9,3.0,561180.0
1687.0,3,2,60.0,6,3.0,385322.0
1545.0,3,3,56.0,7,2.0,444794.0
2447.0,5,4,26.0,2,1.0,427413.0
2519.0,5,4,8.0,2,1.0,437189.0
1698.0,3,2,1.0,10,2.0,647034.0
519.0,2,1,32.0,7,3.0,294085.0
2170.0,2,1,52.0,2,2.0,301507.0
2133.0,3,2,16.0,5,0.0,486260.0
1986.0,3,2,12.0,10,3.0,674463.0
2389.0,5,4,26.0,1,3.0,386097.0
1101.0,3,2,54.0,5,0.0,221559.0
3005.0,4,2,27.0,9,1.0,786057.0
1224.0,3,3,43.0,10,3.0,525874.0
2250.0,3,2,28.0,4,3.0,466841.0
788.0,1,1,22.0,10,3.0,413910.0
1242.0,2,1,26.0,8,3.0,450667.0
2710.0,4,4,46.0,5,0.0,545681.0
1643.0,2,2,45.0,8,0.0,446330.0
2304.0,4,3,26.0,9,1.0,683695.0
1942.0,4,3,16.0,3,2.0,401522.0
1737.0,4,3,8.0,1,1.0,269022.0
2618.0,4,3,,8,1.0,723411.0
1658.0,3,2,7.0,1,1.0,255320.0
732.0,1,1,10.0,8,2.0,337517.0
1318.0,3,2,41.0,4,3.0,307610.0
2131.0,2,1,49.0,8,3.0,541218.0
2037.0,3,2,44.0,7,0.0,508681.0
860.0,1,1,43.0,1,0.0,85986.0
1365.0,2,1,60.0,1,1.0,145018.0
1451.0,2,1,58.0,7,2.0,383184.0
1581.0,3,2,16.0,6,0.0,438140.0
974.0,1,1,9.0,1,2.0,152188.0
1423.0,2,1,9.0,10,2.0,557388.0
1363.0,3,3,54.0,3,2.0,253353.0
2263.0,4,3,6.0,9,3.0,718937.0
2285.0,3,2,20.0,2,2.0,374607.0
1713.0,3,2,32.0,3,2.0,312053.0
1565.0,3,3,37.0,6,1.0,404921.0
1884.0,2,2,36.0,6,2.0,471792.0
1310.0,3,2,47.0,7,1.0,356205.0
1112.0,2,1,34.0,2,0.0,179304.0
1236.0,3,2,51.0,3,0.0,232330.0
1419.0,3,2,5.0,3,2.0,332815.0
1102.0,3,2,52.0,5,2.0,311845.0
1897.0,2,1,35.0,10,1.0,601068.0
2238.0,3,2,13.0,5,2.0,505582.0
848.0,1,1,59.0,10,1.0,357659.0
1815.0,3,2,56.0,3,1.0,295360.0
1668.0,4,3,51.0,3,2.0,317229.0
2005.0,4,2,55.0,2,1.0,283163.0
1792.0,2,3,23.0,3,3.0,346734.0
928.0,1,1,14.0,4,2.0,235289.0
1043.0,2,2,11.0,4,2.0,296043.0
1818.0,3,2,52.0,8,2.0,477039.0
2417.0,3,2,50.0,5,2.0,462307.0
471.0,1,1,59.0,7,3.0,189616.0
2007.0,4,3,51.0,1,1.0,273807.0
2514.0,3,2,38.0,10,3.0,742691.0
1708.0,3,2,9.0,2,0.0,300060.0
2130.0,4,2,10.0,1,2.0,361552.0
1378.0,3,3,28.0,5,2.0,389131.0
1728.0,3,2,46.0,7,0.0,444853.0
827.0,1,1,10.0,3,2.0,211158.0
400.0,1,1,55.0,2,0.0,37059.0
2366.0,4,2,41.0,9,2.0,660961.0
1209.0,2,2,19.0,9,2.0,477658.0
1527.0,3,4,53.0,8,2.0,483989.0
968.0,2,2,36.0,3,2.0,221241.0
954.0,3,3,44.0,6,1.0,306840.0
1696.0,3,2,23.0,7,2.0,501729.0
1362.0,3,2,24.0,5,0.0,339252.0
2027.0,3,3,1.0,2,3.0,389114.0
2072.0,3,2,32.0,9,0.0,577145.0
1993.0,3,1,46.0,10,0.0,581751.0
1943.0,3,1,58.0,2,2.0,292419.0
2747.0,4,3,54.0,8,0.0,631520.0
1159.0,3,2,5.0,9,3.0,516142.0
1767.0,4,3,59.0,6,0.0,398665.0
2480.0,4,3,9.0,1,2.0,354971.0
2559.0,5,3,2.0,7,3.0,693353.0
947.0,2,1,45.0,10,2.0,411148.0
1613.0,3,2,54.0,3,2.0,280250.0
2615.0,3,1,57.0,2,2.0,358376.0
2105.0,3,2,49.0,3,2.0,349459.0
1917.0,3,2,12.0,9,0.0,601312.0
1669.0,3,2,9.0,6,1.0,442155.0
1570.0,2,2,4.0,1,0.0,254722.0
1973.0,2,1,35.0,6,0.0,428713.0
1649.0,2,1,29.0,9,0.0,476960.0
1774.0,3,3,7.0,2,2.0,352337.0
1847.0,3,2,28.0,6,3.0,487657.0
1393.0,4,3,34.0,3,2.0,319521.0
2119.0,4,3,43.0,1,0.0,309866.0
3549.0,6,5,25.0,5,2.0,736963.0
734.0,1,1,19.0,8,2.0,357182.0
1994.0,4,3,40.0,7,3.0,550461.0
1344.0,2,1,41.0,2,1.0,182163.0
2146.0,3,2,16.0,2,1.0,325732.0
1828.0,2,1,1.0,6,2.0,472233.0
2257.0,5,3,57.0,4,2.0,442097.0
2505.0,4,3,45.0,4,0.0,438254.0
1915.0,3,3,12.0,5,2.0,475084.0
2479.0,4,2,34.0,8,3.0,656281.0
400.0,1,1,36.0,6,0.0,196064.0
2754.0,4,3,8.0,9,1.0,749492.0
2025.0,3,2,11.0,2,2.0,357691.0
2447.0,4,2,57.0,5,3.0,473757.0
1068.0,2,1,30.0,6,3.0,359471.0
1302.0,2,1,11.0,8,2.0,476269.0
1888.0,3,1,48.0,6,2.0,419854.0
1790.0,2,1,28.0,10,1.0,605786.0
1970.0,3,3,38.0,9,1.0,592236.0
2451.0,4,3,18.0,7,2.0,602477.0
741.0,1,1,3.0,4,2.0,243619.0
2384.0,4,2,10.0,4,2.0,514985.0
1805.0,4,3,58.0,6,3.0,427232.0
1678.0,3,2,37.0,5,0.0,366396.0
917.0,2,2,50.0,1,3.0,105974.0
2102.0,3,3,1.0,3,2.0,411539.0
400.0,1,1,46.0,9,2.0,274086.0
2189.0,3,1,29.0,5,2.0,438549.0
905.0,1,1,40.0,10,2.0,402576.0
1832.0,3,2,21.0,3,2.0,379070.0
1728.0,2,1,37.0,10,1.0,554719.0
2502.0,4,2,2.0,9,2.0,745111.0
1693.0,2,1,3.0,4,1.0,387736.0
1384.0,1,1,48.0,7,2.0,355741.0
1496.0,3,1,,10,2.0,565347.0
2564.0,4,3,1.0,7,1.0,672715.0
2122.0,3,2,55.0,10,3.0,623726.0
1569.0,2,1,16.0,2,1.0,270912.0
1658.0,3,2,35.0,2,2.0,296936.0
860.0,2,2,50.0,1,1.0,79929.0
2033.0,3,2,45.0,4,0.0,359568.0
744.0,1,1,3.0,8,2.0,372078.0
2251.0,5,4,34.0,10,3.0,718775.0
1877.0,2,1,33.0,6,1.0,420422.0
3232.0,6,4,21.0,5,0.0,649598.0
1140.0,4,2,45.0,10,0.0,462071.0
1738.0,1,1,58.0,6,1.0,366221.0
2879.0,5,5,9.0,6,3.0,716135.0
2515.0,4,2,9.0,1,2.0,379863.0
1382.0,2,1,44.0,3,0.0,239669.0
1934.0,3,2,27.0,7,3.0,515591.0
1801.0,4,3,48.0,7,0.0,447732.0
1969.0,3,3,8.0,5,2.0,477089.0
1381.0,2,1,2.0,8,3.0,501135.0
1746.0,3,2,42.0,7,3.0,486299.0
841.0,2,2,60.0,1,2.0,115460.0
1881.0,2,2,6.0,9,1.0,604837.0
2070.0,2,2,52.0,7,3.0,510935.0
1664.0,4,3,23.0,3,1.0,360024.0
831.0,1,1,1.0,3,1.0,206179.0
2393.0,4,3,31.0,10,2.0,723158.0
2019.0,3,2,17.0,3,2.0,424496.0
1364.0,3,2,42.0,1,0.0,184070.0
1632.0,4,3,17.0,1,3.0,294473.0
900.0,2,2,29.0,3,3.0,236105.0
1185.0,1,1,12.0,7,1.0,367085.0
1477.0,1,1,50.0,5,0.0,282078.0
2537.0,4,3,56.0,8,0.0,593662.0
1416.0,2,1,24.0,3,1.0,272527.0
2184.0,2,1,27.0,3,0.0,345518.0
1477.0,3,2,59.0,5,3.0,334711.0
1949.0,2,2,9.0,8,3.0,580777.0
1715.0,4,4,49.0,6,3.0,427494.0
2324.0,5,4,34.0,8,1.0,650467.0
1479.0,2,2,53.0,1,2.0,151631.0
856.0,2,2,18.0,5,1.0,270925.0
971.0,1,1,18.0,5,1.0,258208.0
1481.0,3,3,20.0,1,2.0,234600.0
1051.0,1,1,1.0,4,0.0,274362.0
2046.0,3,2,10.0,3,3.0,424413.0
1521.0,2,2,60.0,5,0.0,279525.0
3225.0,5,3,15.0,2,1.0,503592.0
757.0,1,1,1.0,3,0.0,173160.0
1922.0,4,3,17.0,10,2.0,658159.0
1123.0,1,1,25.0,2,2.0,194584.0
1504.0,4,4,33.0,9,3.0,567662.0
1885.0,2,1,4.0,6,1.0,442432.0
405.0,2,2,47.0,1,0.0,52738.0
1942.0,3,2,50.0,5,0.0,370290.0
2942.0,5,3,13.0,6,2.0,653789.0
1528.0,2,1,48.0,3,3.0,263596.0
1956.0,3,2,22.0,3,0.0,358775.0
2415.0,5,4,25.0,8,3.0,681563.0
1702.0,4,3,56.0,1,,202035.0
1451.0,3,2,54.0,10,3.0,519155.0
435.0,1,1,23.0,4,0.0,144912.0
2185.0,4,4,29.0,4,3.0,477350.0
1732.0,2,1,17.0,2,1.0,294934.0
1192.0,1,1,31.0,9,1.0,445160.0
1876.0,2,1,41.0,3,0.0,290332.0
1450.0,2,1,6.0,9,0.0,525640.0
1483.0,3,3,55.0,4,3.0,299907.0
2164.0,2,1,43.0,1,0.0,269267.0
997.0,2,2,6.0,5,1.0,304181.0
2428.0,5,3,52.0,6,3.0,517036.0
961.0,2,1,45.0,5,1.0,264522.0
1402.0,2,1,19.0,10,3.0,534188.0
2954.0,4,2,31.0,6,2.0,628535.0
2476.0,4,3,52.0,8,3.0,616746.0
1859.0,1,1,58.0,4,3.0,356560.0
1236.0,3,2,17.0,2,0.0,256619.0
1482.0,2,1,39.0,5,1.0,349178.0
1844.0,4,2,52.0,6,1.0,425549.0
1823.0,2,2,59.0,5,0.0,361430.0
1745.0,4,3,4.0,8,0.0,560914.0
1782.0,3,2,30.0,10,,602773.0
1671.0,3,2,52.0,1,3.0,212677.0
935.0,1,1,0.0,1,3.0,207231.0
1490.0,3,3,26.0,3,2.0,306807.0
2349.0,4,4,35.0,6,3.0,560245.0
979.0,3,2,32.0,1,1.0,143566.0
1686.0,4,3,44.0,2,1.0,275579.0
1308.0,2,2,4.0,5,3.0,378297.0
1867.0,2,2,47.0,4,0.0,338987.0
1567.0,2,2,17.0,9,0.0,516273.0
2686.0,6,5,49.0,6,2.0,624518.0
2104.0,3,2,25.0,9,1.0,639332.0
1013.0,3,2,3.0,8,2.0,446717.0
2203.0,4,2,58.0,5,2.0,468695.0
1335.0,2,2,47.0,10,1.0,502363.0
1454.0,2,1,21.0,9,0.0,519030.0
1988.0,4,2,16.0,5,0.0,449402.0
1505.0,2,1,35.0,9,1.0,458398.0
2336.0,4,2,59.0,3,1.0,348916.0
1335.0,3,2,,3,0.0,268318.0
1429.0,2,1,57.0,8,2.0,395987.0
1406.0,2,1,20.0,8,3.0,438209.0
1461.0,3,2,42.0,3,3.0,298378.0
2460.0,4,3,23.0,8,0.0,618280.0
2177.0,4,3,5.0,6,0.0,560275.0
2826.0,4,3,56.0,6,1.0,606379.0
3161.0,4,2,10.0,9,3.0,826729.0
1182.0,3,2,57.0,2,2.0,186518.0
1842.0,4,3,6.0,5,1.0,459901.0
1094.0,2,2,16.0,3,3.0,279438.0
1333.0,2,1,55.0,6,2.0,308202.0
1422.0,2,1,40.0,2,3.0,222507.0
1166.0,3,2,11.0,2,3.0,273570.0
1169.0,2,1,36.0,7,3.0,373955.0
1713.0,2,1,11.0,1,2.0,231779.0
1070.0,3,2,52.0,5,1.0,287425.0
2305.0,4,3,3.0,10,0.0,715910.0
1249.0,3,2,32.0,10,2.0,511511.0
3486.0,5,3,4.0,2,1.0,569032.0
1529.0,3,2,42.0,10,0.0,526728.0
1843.0,5,4,56.0,4,3.0,428024.0
1023.0,2,1,50.0,2,1.0,153813.0
2824.0,5,3,22.0,6,2.0,638269.0
2472.0,3,2,14.0,5,3.0,549120.0
1978.0,4,2,7.0,4,1.0,434701.0
992.0,1,1,52.0,5,3.0,248546.0
1926.0,3,2,5.0,1,2.0,313573.0
1127.0,1,1,38.0,3,2.0,202745.0
2677.0,6,5,22.0,2,1.0,469788.0
2286.0,5,4,60.0,10,3.0,686038.0
1857.0,3,1,31.0,5,0.0,361037.0
400.0,1,1,33.0,6,2.0,232003.0
1210.0,3,2,55.0,5,3.0,293418.0
2213.0,3,2,58.0,9,0.0,578053.0
2528.0,3,2,35.0,8,1.0,616518.0
2466.0,3,1,48.0,7,2.0,541878.0
845.0,1,1,38.0,4,1.0,181645.0
1981.0,2,2,26.0,4,0.0,392678.0
2409.0,4,2,3.0,10,1.0,767876.0
805.0,2,1,43.0,10,1.0,389739.0
1795.0,3,1,42.0,3,3.0,305710.0
1964.0,4,3,7.0,4,3.0,434280.0
1620.0,2,1,14.0,4,0.0,348011.0
689.0,1,1,44.0,8,1.0,285714.0
1605.0,4,3,9.0,10,0.0,590591.0
1604.0,2,2,41.0,9,3.0,520995.0
1711.0,3,2,43.0,9,1.0,520092.0
1462.0,1,1,21.0,4,3.0,300637.0
1534.0,4,3,15.0,4,0.0,342345.0
1776.0,3,2,22.0,9,2.0,581312.0
2065.0,4,2,22.0,4,0.0,401875.0
1617.0,3,2,36.0,3,2.0,310630.0
1554.0,3,2,45.0,9,0.0,489554.0
1855.0,4,3,52.0,5,0.0,405413.0
647.0,1,1,2.0,1,0.0,107570.0
2086.0,4,3,44.0,9,2.0,617595.0
1800.0,2,1,19.0,3,2.0,341474.0
1824.0,4,3,50.0,4,2.0,358023.0
2376.0,4,3,5.0,6,0.0,592304.0
628.0,1,2,33.0,3,1.0,130890.0
616.0,1,1,33.0,9,1.0,320030.0
1964.0,3,2,20.0,7,3.0,513973.0
1796.0,2,3,58.0,6,2.0,402178.0
1902.0,3,2,6.0,3,0.0,364137.0
1523.0,3,2,8.0,5,0.0,401693.0
2199.0,3,2,39.0,3,1.0,361643.0
2360.0,4,4,31.0,10,0.0,705769.0
2090.0,4,2,16.0,8,1.0,571982.0
1644.0,2,2,18.0,2,3.0,278355.0
535.0,1,1,9.0,6,0.0,257263.0
2262.0,3,2,,8,2.0,582618.0
2533.0,6,3,34.0,6,1.0,573530.0
2187.0,4,3,15.0,2,2.0,404479.0
1272.0,2,1,24.0,2,2.0,206935.0
2204.0,4,2,54.0,8,2.0,559374.0
2316.0,2,2,53.0,6,1.0,471044.0
2735.0,3,2,4.0,6,3.0,659251.0
1274.0,2,2,39.0,3,1.0,239577.0
1664.0,2,2,9.0,3,0.0,296516.0
2248.0,4,3,13.0,5,0.0,517495.0
1834.0,3,1,52.0,6,0.0,421453.0
1130.0,3,2,54.0,5,1.0,270454.0
2049.0,3,2,5.0,9,3.0,642080.0
2147.0,4,3,52.0,2,0.0,320898.0
1853.0,3,2,44.0,5,0.0,410884.0
1932.0,3,1,47.0,3,2.0,327527.0
1645.0,2,1,48.0,1,2.0,168475.0
2687.0,5,3,30.0,5,2.0,576500.0
1260.0,2,1,57.0,1,0.0,122723.0
1448.0,4,3,12.0,4,0.0,341713.0
1807.0,2,2,30.0,7,1.0,493996.0
2327.0,4,2,19.0,4,2.0,475893.0
902.0,1,1,49.0,7,2.0,317328.0
1014.0,1,1,5.0,3,3.0,237370.0
577.0,1,1,26.0,5,2.0,225762.0
1820.0,3,2,46.0,9,1.0,525054.0
1129.0,1,1,19.0,3,2.0,241727.0
1569.0,1,1,14.0,6,1.0,427232.0
2197.0,5,3,16.0,8,0.0,601730.0
1415.0,3,3,43.0,4,2.0,294575.0
1939.0,5,3,17.0,4,1.0,445658.0
1620.0,3,2,24.0,7,1.0,463028.0
2203.0,3,2,33.0,1,2.0,317617.0
2085.0,3,2,56.0,3,0.0,302771.0
1385.0,2,1,48.0,5,0.0,290668.0
1699.0,2,2,11.0,3,1.0,344294.0
2426.0,5,4,53.0,6,2.0,551849.0
2036.0,5,4,51.0,7,3.0,517141.0
962.0,2,2,45.0,10,2.0,476379.0
2193.0,4,2,31.0,7,1.0,551021.0
1149.0,1,1,4.0,6,1.0,338648.0
2648.0,5,4,43.0,8,1.0,679597.0
2414.0,4,3,31.0,3,1.0,429929.0
1974.0,3,2,19.0,5,2.0,468769.0
1894.0,3,2,1.0,9,3.0,650023.0
1675.0,2,2,14.0,2,2.0,294142.0
2207.0,4,3,36.0,3,1.0,363665.0
1578.0,2,2,7.0,3,1.0,331404.0
1941.0,4,3,39.0,10,0.0,594834.0
2323.0,4,3,49.0,4,3.0,463011.0
1463.0,3,2,19.0,4,3.0,343551.0
1430.0,2,2,5.0,9,0.0,528544.0
1083.0,2,2,8.0,10,0.0,482267.0
1161.0,1,1,,1,0.0,143795.0
703.0,2,2,49.0,9,3.0,348777.0
2238.0,3,1,38.0,8,0.0,567345.0
2885.0,4,2,52.0,9,0.0,693820.0
2655.0,4,3,60.0,1,1.0,334508.0
824.0,1,1,12.0,1,1.0,125656.0
2235.0,3,2,,4,1.0,402019.0
2653.0,4,2,28.0,9,2.0,719625.0
1526.0,3,3,30.0,5,0.0,370947.0
1861.0,3,3,20.0,8,0.0,534175.0
595.0,1,1,21.0,3,0.0,159217.0
1960.0,3,3,41.0,4,2.0,387070.0
1162.0,2,2,37.0,9,2.0,453227.0
1920.0,2,1,19.0,5,1.0,417057.0
863.0,1,1,7.0,8,3.0,405651.0
2126.0,4,4,35.0,7,2.0,558482.0
2415.0,3,2,44.0,2,3.0,347786.0
1330.0,2,1,34.0,10,3.0,516503.0
1118.0,1,1,0.0,10,1.0,491654.0
506.0,2,2,17.0,8,2.0,358330.0
1640.0,3,2,47.0,5,2.0,366115.0
1451.0,2,1,45.0,5,1.0,292036.0
869.0,2,1,1.0,3,2.0,230950.0
2072.0,3,2,28.0,7,1.0,510954.0
1530.0,2,2,26.0,4,0.0,334114.0
1155.0,1,1,39.0,2,0.0,170013.0
1467.0,2,2,7.0,1,1.0,235756.0
2443.0,5,4,37.0,5,3.0,545871.0
2162.0,3,3,57.0,9,0.0,579753.0
1722.0,3,2,22.0,8,2.0,541982.0
2171.0,3,2,20.0,9,0.0,633841.0
1103.0,2,2,2.0,7,2.0,429156.0
1819.0,2,1,3.0,9,0.0,570938.0
1888.0,3,1,56.0,8,1.0,473831.0
1518.0,3,2,59.0,9,3.0,497428.0
2061.0,5,3,0.0,6,1.0,577176.0
1332.0,3,1,54.0,1,3.0,181102.0
2106.0,3,2,10.0,4,0.0,450929.0
2131.0,4,2,34.0,9,0.0,608914.0
400.0,2,1,41.0,8,0.0,239150.0
2514.0,3,2,,1,0.0,321406.0
400.0,1,1,32.0,1,1.0,76094.0
1430.0,2,1,38.0,7,3.0,383431.0
2415.0,4,3,12.0,10,0.0,763121.0
1610.0,2,1,60.0,8,1.0,413565.0
920.0,1,1,12.0,10,0.0,467251.0
1144.0,3,2,1.0,1,2.0,224145.0
2416.0,3,2,57.0,9,2.0,639563.0
647.0,1,1,26.0,2,0.0,151710.0
2477.0,5,4,24.0,9,1.0,714276.0
1767.0,3,2,17.0,10,0.0,597686.0
1085.0,1,2,2.0,6,1.0,353987.0
1450.0,1,1,16.0,6,1.0,369673.0
1190.0,2,1,24.0,5,3.0,320653.0
2320.0,3,2,31.0,6,0.0,499897.0
2239.0,4,2,27.0,9,2.0,633942.0
769.0,1,1,,3,3.0,146775.0
1558.0,3,2,55.0,3,0.0,255671.0
1282.0,2,1,19.0,10,3.0,511001.0
2576.0,4,3,58.0,9,3.0,680027.0
990.0,3,2,52.0,6,1.0,312638.0
2763.0,4,2,56.0,3,1.0,397371.0
1780.0,2,1,42.0,10,2.0,594575.0
1103.0,1,1,12.0,9,2.0,442782.0
1394.0,2,1,12.0,4,3.0,338810.0
1319.0,2,2,55.0,6,3.0,364261.0
1035.0,1,1,30.0,5,1.0,292665.0
1857.0,2,2,53.0,9,0.0,524095.0
1063.0,1,2,43.0,7,1.0,323658.0
492.0,1,1,13.0,5,2.0,215638.0
1572.0,3,2,23.0,10,3.0,579117.0
718.0,2,1,58.0,7,1.0,283475.0
1349.0,4,4,1.0,5,3.0,428613.0
1255.0,3,2,43.0,10,0.0,481704.0
1277.0,3,2,59.0,5,2.0,280624.0
3001.0,6,4,6.0,5,1.0,638795.0
1834.0,4,2,16.0,4,2.0,408152.0
1947.0,5,4,33.0,3,1.0,375845.0
734.0,2,2,51.0,3,3.0,164676.0
1408.0,3,2,30.0,1,0.0,172142.0
1929.0,3,2,4.0,8,3.0,596680.0
1185.0,2,1,8.0,6,1.0,389249.0
2345.0,4,3,23.0,10,2.0,717354.0
1078.0,2,1,19.0,7,1.0,381818.0
1628.0,2,3,13.0,1,1.0,206383.0
1448.0,2,1,50.0,7,1.0,366061.0
1899.0,2,1,2.0,2,1.0,293022.0
1416.0,4,2,50.0,1,0.0,191799.0
1637.0,3,3,55.0,7,1.0,444506.0
1658.0,3,2,38.0,1,1.0,204813.0
1359.0,3,2,38.0,5,2.0,343599.0
2091.0,4,3,9.0,9,1.0,676450.0
1943.0,4,3,34.0,3,2.0,388062.0
1747.0,2,2,23.0,7,1.0,469957.0
1542.0,4,3,14.0,4,1.0,341495.0
2278.0,5,4,35.0,2,2.0,373938.0
1658.0,3,2,0.0,2,2.0,335768.0
1616.0,4,3,17.0,1,3.0,316439.0
1863.0,2,2,39.0,2,1.0,272971.0
2818.0,4,3,27.0,2,0.0,418194.0
996.0,3,2,9.0,9,2.0,503834.0
2262.0,2,1,0.0,9,1.0,666054.0
664.0,1,1,16.0,4,0.0,178559.0
1930.0,4,3,33.0,8,3.0,572656.0
2745.0,6,3,32.0,3,2.0,504359.0
2093.0,2,1,8.0,7,2.0,547080.0
1902.0,4,3,37.0,3,2.0,369871.0
1464.0,2,2,60.0,7,3.0,371453.0
1819.0,3,1,35.0,4,2.0,335733.0
1649.0,2,1,32.0,9,2.0,509413.0
1328.0,1,1,37.0,9,3.0,457059.0
1626.0,3,2,53.0,4,2.0,321393.0
1919.0,2,2,57.0,1,2.0,232655.0
1340.0,3,1,2.0,4,0.0,361552.0
1316.0,2,1,12.0,3,1.0,260370.0
984.0,1,1,7.0,5,1.0,291550.0
2034.0,3,2,46.0,6,3.0,460304.0
2127.0,4,2,3.0,10,2.0,727281.0
1939.0,3,2,54.0,1,2.0,254933.0
2379.0,4,3,1.0,6,2.0,593119.0
1853.0,4,3,36.0,2,2.0,345052.0
2035.0,4,3,17.0,6,3.0,523977.0
1982.0,3,2,28.0,7,0.0,518713.0
1745.0,2,2,27.0,9,3.0,586498.0
1482.0,3,2,45.0,6,3.0,371448.0
3128.0,6,4,30.0,2,0.0,497280.0
1529.0,2,1,25.0,10,2.0,507554.0
1400.0,2,1,44.0,5,1.0,319363.0
2060.0,3,1,56.0,5,1.0,372876.0
1951.0,3,1,48.0,7,3.0,492064.0
957.0,1,1,44.0,3,1.0,180821.0
2474.0,5,3,29.0,10,3.0,776882.0
1743.0,2,1,54.0,1,2.0,208541.0
1133.0,1,1,29.0,2,3.0,198564.0
2513.0,4,2,56.0,10,2.0,691503.0
2175.0,4,3,48.0,5,2.0,457384.0
1041.0,1,1,9.0,9,0.0,412484.0
2866.0,4,3,3.0,10,3.0,854545.0
2195.0,3,2,44.0,10,2.0,648790.0
1794.0,3,1,41.0,8,1.0,479129.0
2754.0,5,3,36.0,7,1.0,619490.0
1896.0,3,2,59.0,7,0.0,424538.0
1783.0,4,3,33.0,7,1.0,447264.0
1404.0,3,1,21.0,3,0.0,263594.0
2149.0,3,2,34.0,9,3.0,633843.0
2086.0,4,2,2.0,2,1.0,332254.0
1809.0,3,2,35.0,5,2.0,410311.0
1326.0,3,2,54.0,4,3.0,281847.0
1878.0,3,2,0.0,8,3.0,578073.0
1758.0,3,3,51.0,3,1.0,295056.0
1000.0,2,2,48.0,3,0.0,195762.0
917.0,3,3,6.0,9,2.0,456775.0
2139.0,4,3,51.0,5,3.0,459143.0
400.0,1,2,46.0,8,1.0,264399.0
1923.0,3,1,29.0,9,0.0,547539.0
1513.0,3,2,15.0,9,2.0,558756.0
2585.0,4,3,17.0,4,2.0,524948.0
1504.0,4,3,37.0,2,0.0,248209.0
2196.0,4,3,15.0,10,0.0,734269.0
1562.0,2,2,20.0,4,2.0,364497.0
1868.0,3,1,56.0,8,0.0,445852.0
2242.0,3,3,44.0,8,0.0,566399.0
1522.0,3,2,44.0,5,1.0,381080.0
2398.0,3,3,57.0,2,1.0,317323.0
1204.0,3,1,0.0,5,3.0,372555.0
1977.0,2,2,15.0,2,1.0,342159.0
2354.0,4,3,39.0,4,3.0,473721.0
2196.0,4,3,26.0,4,2.0,465211.0
2950.0,3,2,7.0,6,1.0,656264.0
1342.0,4,3,47.0,2,2.0,235605.0
973.0,1,1,3.0,9,0.0,415187.0
1203.0,2,1,33.0,1,3.0,179569.0
2196.0,4,3,34.0,10,1.0,673278.0
2099.0,4,3,38.0,4,3.0,424046.0
1861.0,3,3,19.0,5,2.0,472277.0
1126.0,3,2,1.0,9,1.0,486449.0
2260.0,4,2,53.0,7,1.0,550612.0
1065.0,3,2,56.0,1,0.0,119391.0
2495.0,5,5,29.0,7,2.0,647353.0
3514.0,6,5,1.0,6,0.0,760281.0
2020.0,4,1,35.0,10,2.0,664698.0
2150.0,2,1,19.0,6,0.0,481310.0
1504.0,4,3,11.0,10,0.0,553118.0
714.0,1,1,10.0,6,0.0,292060.0
1438.0,3,2,11.0,2,0.0,262183.0
1144.0,2,1,,6,3.0,346054.0
932.0,2,2,17.0,10,3.0,493908.0
2833.0,4,2,50.0,1,3.0,326397.0
1964.0,4,3,30.0,4,2.0,405465.0
2028.0,3,2,26.0,1,0.0,267757.0
1615.0,4,2,9.0,9,3.0,599143.0
1696.0,3,3,53.0,6,3.0,456720.0
2379.0,5,3,3.0,8,0.0,667710.0
1781.0,1,1,14.0,10,3.0,615669.0
2118.0,3,2,37.0,9,3.0,660078.0
1682.0,3,3,42.0,5,1.0,381551.0
1595.0,3,2,48.0,10,2.0,552173.0
956.0,2,1,25.0,5,3.0,272780.0
613.0,1,1,21.0,10,1.0,411098.0
1643.0,3,2,17.0,10,3.0,598115.0
1834.0,4,3,34.0,3,1.0,348781.0
1028.0,1,2,21.0,8,3.0,417528.0
1779.0,3,3,20.0,7,0.0,497688.0
1832.0,3,2,1.0,8,2.0,571441.0
506.0,1,1,57.0,2,2.0,73852.0
1251.0,2,2,4.0,6,1.0,420006.0
2044.0,4,3,16.0,2,1.0,392582.0
2032.0,4,2,55.0,9,0.0,556121.0
1108.0,2,1,44.0,9,2.0,406970.0
1895.0,4,2,35.0,6,3.0,463039.0
2413.0,5,3,40.0,2,2.0,424678.0
2266.0,4,3,6.0,7,1.0,610365.0
1743.0,2,2,49.0,5,2.0,385246.0
1519.0,2,1,15.0,8,1.0,488952.0
1422.0,3,1,57.0,1,3.0,203578.0
2081.0,3,1,14.0,5,1.0,451624.0
1917.0,2,2,38.0,4,2.0,353272.0
2178.0,2,1,33.0,10,1.0,665652.0
1879.0,4,3,9.0,3,3.0,419562.0
2291.0,3,2,22.0,10,0.0,691314.0
1857.0,3,2,47.0,10,2.0,614218.0
2271.0,5,4,13.0,6,3.0,602766.0
2322.0,3,2,58.0,2,1.0,332833.0
1317.0,2,1,18.0,3,2.0,275275.0
715.0,1,1,38.0,1,1.0,96469.0
2726.0,5,3,37.0,8,1.0,692104.0
1954.0,4,3,28.0,8,3.0,580853.0
771.0,1,1,39.0,4,1.0,182733.0
1372.0,3,1,45.0,8,0.0,403383.0
2263.0,4,3,37.0,6,2.0,532880.0
1632.0,3,2,34.0,9,1.0,518811.0
1493.0,2,2,36.0,1,3.0,220726.0
2641.0,5,3,24.0,2,0.0,424231.0
1172.0,2,1,,9,3.0,496285.0
1321.0,3,3,10.0,4,2.0,355352.0
1927.0,4,4,36.0,10,3.0,652098.0
2034.0,3,3,56.0,9,1.0,566346.0
2098.0,4,2,2.0,1,1.0,308309.0
2347.0,5,4,33.0,5,1.0,514282.0
1919.0,3,2,15.0,8,3.0,564915.0
2094.0,2,2,34.0,2,0.0,301966.0
1644.0,3,2,45.0,9,2.0,509399.0
1838.0,3,1,44.0,1,1.0,189448.0
1865.0,2,1,43.0,2,2.0,298817.0
1929.0,3,2,47.0,6,3.0,450663.0
2264.0,3,2,4.0,3,2.0,455498.0
2133.0,4,3,31.0,7,0.0,533811.0
1827.0,3,2,16.0,4,1.0,415290.0
1315.0,1,1,55.0,3,0.0,172545.0
1841.0,3,2,47.0,9,1.0,543064.0
1783.0,3,2,6.0,2,0.0,296142.0
1916.0,4,3,15.0,5,2.0,510751.0
3124.0,5,4,27.0,2,2.0,498889.0
1486.0,2,1,58.0,2,1.0,199719.0
2053.0,3,2,7.0,3,3.0,418043.0
2441.0,4,3,34.0,3,2.0,431065.0
1859.0,3,2,20.0,5,2.0,444026.0
3203.0,5,3,39.0,5,1.0,635308.0
1573.0,2,2,39.0,2,1.0,248429.0
1994.0,3,2,14.0,1,2.0,306741.0
1321.0,2,1,47.0,1,3.0,173526.0
1589.0,4,2,5.0,7,3.0,541754.0
1949.0,3,2,49.0,10,3.0,606578.0
2308.0,3,2,13.0,1,0.0,296420.0
1991.0,6,4,35.0,1,3.0,313008.0
2555.0,5,2,21.0,8,0.0,644858.0
1743.0,2,2,37.0,8,0.0,470675.0
1601.0,3,2,16.0,8,2.0,506254.0
3422.0,5,3,34.0,2,1.0,507130.0
2037.0,4,3,0.0,9,0.0,657779.0
1368.0,2,1,22.0,7,0.0,402486.0
1383.0,2,2,50.0,2,0.0,178772.0
1234.0,3,2,28.0,2,1.0,236457.0
2362.0,4,2,30.0,7,2.0,592041.0
1581.0,3,2,37.0,8,2.0,508018.0
1876.0,3,2,26.0,8,0.0,542109.0
1762.0,3,2,52.0,6,0.0,390009.0
2239.0,4,2,24.0,6,2.0,552476.0
1292.0,3,2,57.0,7,3.0,385988.0
1155.0,2,1,53.0,2,0.0,157380.0
1935.0,4,2,25.0,4,1.0,409596.0
2161.0,4,3,22.0,1,0.0,311811.0
2000.0,3,2,41.0,9,1.0,577049.0
1314.0,2,1,45.0,7,1.0,363257.0
2206.0,4,2,11.0,8,0.0,599254.0
1354.0,1,1,14.0,5,3.0,323390.0
1487.0,2,1,9.0,10,3.0,563883.0
1234.0,2,1,46.0,10,2.0,469767.0
2581.0,4,3,43.0,7,3.0,635096.0
2180.0,4,3,11.0,9,1.0,681960.0
2163.0,4,2,32.0,7,3.0,555582.0
2548.0,5,3,46.0,8,1.0,632381.0
3488.0,6,4,57.0,3,1.0,547266.0
774.0,1,1,11.0,10,2.0,418455.0
1357.0,1,1,18.0,2,2.0,200825.0
1430.0,4,3,21.0,7,2.0,444683.0
1290.0,2,2,37.0,7,3.0,424201.0
1153.0,2,1,8.0,1,1.0,214607.0
1620.0,2,1,12.0,8,2.0,519269.0
1070.0,1,1,47.0,1,0.0,100748.0
2001.0,4,2,33.0,6,0.0,445751.0
1831.0,4,3,10.0,9,1.0,611867.0
2089.0,4,3,23.0,2,2.0,371536.0
2105.0,3,1,8.0,4,2.0,448518.0
2162.0,4,3,22.0,6,0.0,528984.0
1576.0,3,3,24.0,10,3.0,617064.0
3073.0,5,3,7.0,4,2.0,636426.0
1941.0,3,1,4.0,2,2.0,334727.0
683.0,1,1,53.0,2,2.0,139906.0
1199.0,2,1,53.0,2,2.0,138479.0
756.0,1,1,0.0,9,1.0,393309.0
1810.0,3,2,38.0,8,1.0,512980.0
1727.0,2,2,6.0,5,0.0,421015.0
1519.0,3,2,49.0,9,2.0,490891.0
3007.0,4,3,53.0,10,0.0,772254.0
2129.0,3,1,37.0,9,2.0,632695.0
2236.0,3,3,37.0,1,1.0,292723.0
1241.0,1,1,22.0,1,0.0,143665.0
1201.0,3,2,15.0,8,1.0,473620.0
1822.0,2,2,30.0,4,3.0,390885.0
1904.0,3,3,8.0,2,2.0,370709.0
686.0,2,1,40.0,7,1.0,280210.0
1692.0,2,2,28.0,4,1.0,325088.0
1808.0,3,2,11.0,10,2.0,638129.0
1671.0,2,1,35.0,6,0.0,364761.0
1312.0,3,1,48.0,3,2.0,237571.0
1476.0,3,2,35.0,10,0.0,536221.0
1694.0,3,2,32.0,7,3.0,496619.0
1854.0,3,3,51.0,3,2.0,321426.0
2163.0,4,2,1.0,2,0.0,385607.0
2449.0,4,3,37.0,6,1.0,533496.0
1623.0,2,2,25.0,8,3.0,524433.0
1526.0,3,2,12.0,9,3.0,569383.0
2063.0,4,3,59.0,2,0.0,275182.0
2167.0,3,2,24.0,5,1.0,472335.0
1539.0,3,2,20.0,10,0.0,575976.0
2274.0,4,2,10.0,7,1.0,592828.0
2388.0,3,2,60.0,1,3.0,277670.0
2575.0,4,2,51.0,10,2.0,717916.0
2867.0,4,3,4.0,7,1.0,711071.0
1280.0,1,1,34.0,5,1.0,284750.0
1808.0,2,1,9.0,8,2.0,527049.0
1807.0,2,1,43.0,7,2.0,459988.0
1741.0,3,2,29.0,3,1.0,332698.0
1410.0,2,1,7.0,8,1.0,505526.0
909.0,1,1,33.0,3,3.0,207838.0
1856.0,4,3,55.0,3,2.0,306932.0
1339.0,2,2,20.0,6,3.0,431091.0
1852.0,3,2,3.0,1,3.0,329157.0
1324.0,2,1,57.0,7,1.0,318669.0
1140.0,1,1,9.0,6,3.0,352486.0
1941.0,3,1,29.0,8,3.0,542805.0
1891.0,2,1,33.0,2,0.0,277773.0
2148.0,4,3,14.0,6,0.0,492916.0
3112.0,5,3,11.0,5,0.0,633393.0
1966.0,4,2,7.0,2,2.0,371068.0
2091.0,3,2,4.0,5,3.0,459228.0
1153.0,3,3,30.0,10,3.0,529211.0
1028.0,1,1,51.0,9,1.0,386096.0
2750.0,4,2,8.0,2,2.0,440800.0
1246.0,2,1,42.0,9,0.0,404045.0
1174.0,3,2,25.0,6,2.0,354970.0
1777.0,4,3,2.0,1,1.0,268051.0
1746.0,3,2,32.0,10,3.0,598927.0
1258.0,3,2,15.0,6,3.0,407462.0
1617.0,2,2,36.0,10,2.0,540600.0
2538.0,5,3,21.0,1,2.0,399489.0
1316.0,2,2,40.0,2,3.0,225091.0
964.0,2,1,55.0,10,1.0,402280.0
2366.0,2,1,15.0,3,0.0,386318.0
2095.0,3,2,56.0,6,2.0,467016.0
1428.0,3,3,12.0,7,1.0,483414.0
851.0,1,1,4.0,10,2.0,450557.0
1353.0,3,3,12.0,4,3.0,373717.0
1767.0,4,2,49.0,8,2.0,515266.0
2499.0,4,2,41.0,8,1.0,628610.0
1178.0,1,1,58.0,8,2.0,386280.0
1749.0,3,2,43.0,6,1.0,404957.0
2205.0,3,3,25.0,1,0.0,299957.0
400.0,1,1,54.0,3,3.0,89546.0
2420.0,4,2,57.0,6,1.0,511695.0
1091.0,2,1,47.0,5,2.0,264153.0
1999.0,5,3,33.0,2,3.0,342942.0
1948.0,3,2,50.0,7,0.0,490043.0
2451.0,5,4,11.0,5,1.0,590783.0
2131.0,3,2,54.0,8,0.0,522768.0
400.0,1,1,60.0,6,1.0,144889.0
1329.0,3,2,40.0,4,1.0,315039.0
1883.0,4,3,12.0,2,3.0,369787.0
1683.0,3,2,9.0,2,1.0,311137.0
2087.0,4,2,58.0,6,2.0,461277.0
2274.0,4,3,52.0,4,0.0,394711.0
2165.0,3,2,45.0,8,1.0,549371.0
1671.0,3,2,57.0,7,3.0,449658.0
692.0,2,2,30.0,3,2.0,178863.0
1527.0,3,2,53.0,8,1.0,449261.0
2050.0,4,3,10.0,6,3.0,547500.0
1146.0,2,2,11.0,9,3.0,474591.0
2179.0,3,1,31.0,10,1.0,673247.0
2345.0,4,3,20.0,10,3.0,752560.0
1876.0,2,1,26.0,2,0.0,278832.0
400.0,1,1,48.0,6,1.0,191725.0
1033.0,3,2,3.0,1,3.0,191435.0
2932.0,5,3,43.0,9,3.0,763950.0
1472.0,2,2,5.0,8,3.0,493166.0
610.0,2,2,51.0,3,0.0,127450.0
2541.0,4,3,12.0,7,0.0,637121.0
1808.0,3,2,44.0,6,2.0,434088.0
2463.0,5,4,36.0,6,0.0,579277.0
1966.0,3,3,23.0,6,3.0,485076.0
2075.0,2,1,16.0,10,3.0,651761.0
2018.0,4,3,3.0,8,3.0,639559.0
2218.0,3,2,21.0,5,3.0,497979.0
3166.0,6,3,12.0,8,0.0,770497.0
2383.0,4,3,8.0,2,3.0,447674.0
852.0,2,2,44.0,3,1.0,199204.0
2068.0,5,3,13.0,2,0.0,371180.0
2485.0,4,3,13.0,9,1.0,694404.0
2522.0,4,3,,1,3.0,387948.0
1544.0,3,2,28.0,9,3.0,543321.0
2499.0,4,3,31.0,9,2.0,697258.0
2357.0,4,2,40.0,10,0.0,696899.0
3344.0,5,3,35.0,8,2.0,792113.0
1350.0,2,2,29.0,5,2.0,375068.0
1496.0,3,2,,9,2.0,539091.0
1616.0,3,2,16.0,10,1.0,591861.0
1506.0,3,2,43.0,9,0.0,496290.0
1266.0,2,2,19.0,8,1.0,467491.0
400.0,1,1,51.0,8,3.0,271186.0
1539.0,2,2,35.0,7,1.0,425290.0
2022.0,3,2,38.0,9,0.0,564709.0
1504.0,2,2,31.0,5,1.0,336228.0
2961.0,5,3,56.0,6,1.0,564695.0
1808.0,2,1,25.0,9,2.0,559626.0
2575.0,4,3,26.0,3,2.0,454785.0
1957.0,3,2,54.0,8,1.0,504194.0
2296.0,3,3,36.0,2,0.0,357545.0
1968.0,4,3,27.0,6,1.0,490147.0
2621.0,4,3,16.0,1,0.0,404463.0
1834.0,3,2,15.0,10,2.0,626684.0
2098.0,3,2,48.0,9,1.0,566508.0
2020.0,3,2,17.0,3,1.0,355195.0
1627.0,2,1,0.0,2,2.0,311335.0
2043.0,3,2,1.0,7,3.0,597308.0
3141.0,5,3,59.0,10,1.0,801554.0
1638.0,3,3,34.0,4,2.0,342532.0
2052.0,2,1,29.0,10,2.0,654294.0
2555.0,3,3,55.0,5,2.0,471444.0
2484.0,5,4,21.0,5,1.0,568413.0
1807.0,4,3,48.0,4,0.0,341573.0
400.0,2,2,43.0,3,0.0,116656.0
2110.0,4,2,29.0,4,0.0,423394.0
468.0,1,1,46.0,2,0.0,71240.0
2682.0,4,4,58.0,4,3.0,486959.0
1902.0,2,2,12.0,3,0.0,370397.0
2400.0,5,4,1.0,1,3.0,424237.0
1259.0,2,2,49.0,4,3.0,329444.0
868.0,3,2,24.0,1,0.0,115111.0
1956.0,3,2,33.0,2,1.0,276333.0
1780.0,4,3,13.0,8,1.0,577654.0
1505.0,2,2,51.0,1,1.0,174604.0
1851.0,4,2,43.0,4,1.0,372423.0
3460.0,6,4,57.0,7,1.0,724944.0
2301.0,3,2,29.0,1,2.0,318228.0
2430.0,4,3,59.0,8,1.0,603300.0
2306.0,3,3,31.0,1,0.0,300840.0
2688.0,4,2,37.0,1,1.0,352785.0
1686.0,3,1,40.0,2,3.0,244269.0
567.0,1,1,29.0,9,3.0,354410.0
1687.0,3,1,,1,0.0,230374.0
2287.0,4,2,13.0,1,2.0,329228.0
1218.0,1,1,22.0,10,3.0,481591.0
1694.0,4,3,42.0,7,0.0,476337.0
1385.0,2,2,2.0,6,0.0,387475.0
2701.0,5,3,42.0,1,0.0,366925.0
2250.0,4,2,18.0,4,1.0,452330.0
2191.0,5,3,16.0,6,3.0,560619.0
2173.0,4,3,42.0,6,1.0,521256.0
1778.0,1,1,13.0,6,1.0,451010.0
1919.0,3,2,58.0,2,1.0,264314.0
1089.0,2,1,59.0,10,1.0,381340.0
488.0,1,1,27.0,8,3.0,318288.0
1890.0,3,2,24.0,3,0.0,321857.0
1994.0,3,2,5.0,10,,665159.0
2526.0,3,2,47.0,4,2.0,446094.0
2743.0,5,3,10.0,2,0.0,480105.0
2742.0,4,3,56.0,9,0.0,681889.0
1201.0,2,2,59.0,2,3.0,159680.0
1589.0,2,1,7.0,1,1.0,260869.0
2088.0,4,3,41.0,7,0.0,530762.0
3319.0,6,4,28.0,3,1.0,583277.0
2688.0,5,4,32.0,2,0.0,446262.0
2472.0,4,2,11.0,2,0.0,422932.0
1567.0,3,2,43.0,2,0.0,217298.0
1270.0,3,2,10.0,10,2.0,526035.0
2273.0,4,3,53.0,7,1.0,551633.0
1140.0,2,1,27.0,9,1.0,431523.0
1657.0,3,2,38.0,7,3.0,463287.0
1731.0,2,2,55.0,6,1.0,370401.0
2756.0,4,2,44.0,3,0.0,435526.0
1587.0,3,2,32.0,10,0.0,555822.0
400.0,1,1,24.0,9,2.0,317268.0
2103.0,3,3,28.0,6,2.0,490213.0
1381.0,1,1,21.0,2,1.0,240119.0
1826.0,2,2,57.0,8,0.0,470844.0
1748.0,3,2,15.0,4,0.0,388500.0
1636.0,3,2,25.0,3,1.0,281363.0
2274.0,3,2,47.0,8,2.0,579644.0
880.0,2,1,22.0,9,2.0,398567.0
1490.0,2,1,53.0,7,2.0,389522.0
2210.0,4,3,15.0,1,0.0,344008.0
1432.0,2,2,2.0,7,2.0,474213.0
835.0,2,2,38.0,10,3.0,432222.0
2201.0,4,3,30.0,7,0.0,553744.0
2474.0,3,3,56.0,3,2.0,371276.0
1773.0,3,2,25.0,7,0.0,462397.0
623.0,1,1,8.0,3,3.0,215563.0
2224.0,4,3,20.0,9,2.0,665153.0
804.0,1,1,24.0,9,2.0,402962.0
1985.0,4,3,35.0,6,2.0,503706.0
1268.0,1,1,16.0,2,2.0,237884.0
1104.0,2,1,33.0,5,1.0,287054.0
1535.0,3,1,54.0,2,3.0,218730.0
1690.0,3,2,25.0,8,0.0,499253.0
1413.0,2,1,39.0,7,3.0,416882.0
2153.0,4,3,14.0,3,3.0,401700.0
1532.0,3,3,48.0,9,3.0,536905.0
2388.0,5,4,16.0,8,0.0,657802.0
1969.0,2,1,35.0,10,1.0,597936.0
1381.0,2,2,18.0,3,2.0,290603.0
1280.0,4,3,4.0,2,2.0,291563.0
812.0,1,1,19.0,5,2.0,243475.0
1974.0,2,1,13.0,3,2.0,365448.0
1587.0,2,2,54.0,8,0.0,442661.0
400.0,1,1,16.0,5,3.0,188333.0
1479.0,3,2,58.0,7,1.0,371296.0
1259.0,3,3,30.0,2,3.0,265036.0
2745.0,4,2,13.0,1,2.0,411567.0
778.0,1,1,23.0,10,2.0,420241.0
935.0,2,1,11.0,5,2.0,290168.0
2466.0,3,2,50.0,2,3.0,367586.0
2614.0,3,1,7.0,9,3.0,715152.0
1353.0,2,1,52.0,2,2.0,187006.0
1421.0,2,2,3.0,10,2.0,555473.0
2170.0,3,2,18.0,4,0.0,421350.0
404.0,1,1,8.0,5,0.0,189104.0
683.0,1,1,41.0,3,2.0,159261.0
1632.0,3,2,31.0,1,1.0,234310.0
2730.0,5,4,,5,1.0,526641.0
1539.0,3,2,22.0,4,2.0,367580.0
1861.0,3,2,2.0,5,0.0,431195.0
2480.0,3,2,46.0,5,1.0,474671.0
3064.0,5,3,35.0,7,0.0,676006.0
1454.0,2,2,,1,3.0,199800.0
1790.0,3,3,26.0,4,2.0,400512.0
2893.0,6,4,44.0,9,0.0,775981.0
887.0,1,1,10.0,10,2.0,455035.0
2417.0,5,3,60.0,6,0.0,462488.0
1189.0,3,3,10.0,4,3.0,336863.0
1861.0,4,2,50.0,5,0.0,405019.0
1654.0,2,2,13.0,8,1.0,509957.0
1225.0,1,1,47.0,4,3.0,223887.0
1210.0,3,2,52.0,10,2.0,480440.0
1966.0,3,2,53.0,1,2.0,250417.0
2397.0,3,2,29.0,7,2.0,571936.0
1722.0,4,4,26.0,6,2.0,474711.0
1842.0,2,1,50.0,5,0.0,338171.0
2143.0,3,2,35.0,5,1.0,452359.0
1217.0,2,2,37.0,2,3.0,216823.0
2244.0,3,2,14.0,4,3.0,449209.0
2292.0,4,2,27.0,4,2.0,452485.0
3362.0,6,4,22.0,7,3.0,786029.0
1574.0,3,2,40.0,6,3.0,434720.0
1525.0,3,2,12.0,5,1.0,405905.0
2261.0,5,4,24.0,6,2.0,566272.0
2291.0,4,2,51.0,6,3.0,510202.0
1479.0,1,1,33.0,1,0.0,185271.0
1558.0,2,1,54.0,9,3.0,478908.0
2125.0,4,3,14.0,9,1.0,667876.0
1303.0,1,2,26.0,4,1.0,310763.0
1554.0,2,1,30.0,8,1.0,454169.0
1854.0,3,2,24.0,4,1.0,406128.0
2398.0,5,3,41.0,1,1.0,349995.0
1437.0,2,2,9.0,9,2.0,535896.0
695.0,1,1,31.0,3,3.0,166801.0
650.0,1,1,8.0,4,1.0,219642.0
1044.0,2,1,38.0,6,0.0,287756.0
1012.0,2,1,50.0,5,3.0,249788.0
1707.0,4,3,1.0,3,1.0,385980.0
1087.0,1,2,27.0,9,2.0,424415.0
1378.0,2,2,30.0,4,1.0,295574.0
1336.0,3,2,43.0,6,0.0,341675.0
1536.0,2,1,4.0,7,1.0,439993.0
2594.0,5,3,24.0,10,1.0,779857.0
2197.0,4,3,47.0,5,3.0,468655.0
1810.0,4,3,32.0,5,2.0,450883.0
1523.0,3,2,45.0,10,2.0,533740.0
1540.0,3,3,22.0,5,0.0,376501.0
1997.0,3,2,55.0,3,0.0,291546.0
2151.0,3,2,5.0,1,1.0,327601.0
1255.0,3,2,5.0,4,3.0,348340.0
1822.0,3,2,32.0,2,0.0,289411.0
581.0,1,1,28.0,4,3.0,195859.0
1927.0,3,2,38.0,6,3.0,498751.0
2257.0,2,2,14.0,6,1.0,532365.0
1632.0,2,1,14.0,2,0.0,247301.0
2890.0,5,4,45.0,5,0.0,549028.0
1271.0,2,1,18.0,5,0.0,326962.0
1930.0,3,2,44.0,1,3.0,245605.0
1779.0,1,1,38.0,3,3.0,310635.0
1740.0,3,1,5.0,8,2.0,558855.0
1731.0,3,2,43.0,1,0.0,226092.0
1864.0,3,3,53.0,4,3.0,356238.0
2309.0,5,3,49.0,5,2.0,497582.0
2627.0,4,2,1.0,2,3.0,462833.0
1799.0,3,2,32.0,7,1.0,469330.0
2289.0,3,3,55.0,8,0.0,560771.0
1379.0,2,1,36.0,4,3.0,304855.0
2260.0,3,2,17.0,3,0.0,385687.0
1343.0,1,1,12.0,8,0.0,442722.0
2454.0,3,2,41.0,3,0.0,406296.0
3126.0,6,4,46.0,2,0.0,478833.0
1727.0,3,2,55.0,1,2.0,213062.0
484.0,1,1,54.0,1,0.0,30000.0
1471.0,2,1,20.0,9,3.0,510173.0
2539.0,3,2,36.0,10,3.0,724982.0
2132.0,4,3,6.0,6,0.0,515214.0
1949.0,2,1,6.0,10,3.0,661097.0
2405.0,4,3,4.0,8,0.0,676227.0
2091.0,3,2,56.0,5,1.0,404677.0
2531.0,4,3,9.0,8,2.0,683238.0
2352.0,3,2,29.0,5,0.0,474772.0
2713.0,3,2,26.0,10,0.0,770336.0
2015.0,3,1,19.0,9,0.0,603430.0
2343.0,3,2,32.0,9,2.0,653810.0
1616.0,2,1,0.0,6,0.0,462647.0
1439.0,3,3,23.0,6,0.0,444075.0
2824.0,4,3,29.0,2,0.0,417826.0
1930.0,3,2,48.0,7,3.0,488672.0
2283.0,4,2,42.0,2,3.0,364926.0
1874.0,4,3,51.0,6,3.0,446409.0
1448.0,2,2,23.0,2,0.0,250893.0
1807.0,4,3,8.0,5,1.0,459502.0
2662.0,4,3,24.0,8,3.0,709171.0
2133.0,4,3,58.0,4,2.0,388190.0
773.0,1,1,13.0,7,0.0,302180.0
1671.0,1,1,10.0,3,0.0,273106.0
2869.0,5,4,57.0,3,3.0,503004.0
1672.0,3,2,57.0,2,3.0,263606.0
720.0,2,2,9.0,2,1.0,189440.0
2936.0,5,3,46.0,4,0.0,517649.0
2209.0,5,3,26.0,2,0.0,327935.0
1758.0,3,2,30.0,9,0.0,532045.0
1577.0,3,2,30.0,8,3.0,499325.0
2449.0,4,3,58.0,3,3.0,389252.0
1475.0,4,3,11.0,9,1.0,528997.0
2489.0,4,4,46.0,4,3.0,468866.0
2125.0,3,2,0.0,6,3.0,553987.0
1947.0,2,2,38.0,7,3.0,502685.0
1887.0,4,3,39.0,8,3.0,572259.0
1695.0,3,3,45.0,1,2.0,266068.0
2427.0,4,3,56.0,3,3.0,415942.0
1281.0,4,3,45.0,4,2.0,299521.0
827.0,2,1,44.0,6,3.0,304747.0
2169.0,3,2,15.0,9,1.0,618487.0
2179.0,3,2,60.0,5,,371877.0
2088.0,3,2,28.0,5,2.0,443019.0
2045.0,3,3,25.0,1,1.0,308903.0
1608.0,2,1,30.0,6,1.0,397296.0
2272.0,3,1,24.0,5,2.0,459155.0
1773.0,2,2,36.0,7,2.0,458590.0
1508.0,4,3,21.0,9,1.0,526190.0
1613.0,3,2,14.0,6,0.0,411875.0
3012.0,5,3,56.0,1,2.0,410658.0
759.0,2,1,56.0,9,1.0,327324.0
2100.0,4,3,30.0,5,0.0,483544.0
793.0,2,1,58.0,5,0.0,178670.0
1735.0,3,2,25.0,9,2.0,572407.0
1540.0,3,2,23.0,6,1.0,418746.0
549.0,1,2,55.0,8,1.0,282437.0
2033.0,4,3,38.0,9,0.0,600230.0
1572.0,3,3,46.0,5,0.0,365856.0
540.0,1,1,25.0,10,2.0,380613.0
2304.0,5,4,24.0,2,3.0,399719.0
2661.0,4,3,5.0,9,1.0,768895.0
2694.0,5,3,58.0,9,3.0,708270.0
2015.0,4,3,14.0,1,2.0,315089.0
1828.0,3,3,30.0,2,1.0,313426.0
2597.0,4,3,7.0,1,2.0,418575.0
2809.0,4,3,39.0,3,0.0,445799.0
2480.0,4,2,23.0,10,1.0,726842.0
1235.0,1,1,46.0,2,2.0,154863.0
1921.0,3,1,32.0,1,3.0,238765.0
2064.0,4,3,8.0,5,0.0,481325.0
714.0,2,2,1.0,4,3.0,285057.0
2082.0,4,3,13.0,7,2.0,570365.0
3164.0,3,2,43.0,7,0.0,681845.0
2184.0,4,3,50.0,9,3.0,627100.0
2684.0,4,3,20.0,5,3.0,577745.0
1910.0,4,2,32.0,5,1.0,420064.0
1756.0,3,2,14.0,1,0.0,273420.0
2029.0,3,2,53.0,10,1.0,588046.0
1311.0,2,2,58.0,3,3.0,229874.0
1222.0,2,1,45.0,6,0.0,298701.0
2560.0,5,4,5.0,9,1.0,752916.0
2623.0,4,3,26.0,7,1.0,633223.0
1205.0,3,2,59.0,7,0.0,336960.0
2381.0,5,4,14.0,2,2.0,447257.0
1748.0,3,3,40.0,8,3.0,527022.0
2004.0,2,2,56.0,2,0.0,264813.0
2076.0,4,3,46.0,7,3.0,540143.0
2397.0,4,4,37.0,6,3.0,590518.0
1850.0,4,2,30.0,5,3.0,432464.0
2646.0,4,4,56.0,8,2.0,651574.0
1986.0,2,2,24.0,8,1.0,561964.0
2175.0,5,4,54.0,3,0.0,364660.0
1300.0,1,1,26.0,4,3.0,301676.0
3095.0,6,5,45.0,5,2.0,666869.0
2082.0,4,4,55.0,2,1.0,301820.0
2228.0,3,2,33.0,4,1.0,441027.0
835.0,1,1,19.0,1,0.0,108977.0
1306.0,1,1,3.0,5,1.0,367405.0
2543.0,4,3,49.0,3,3.0,441295.0
1972.0,3,2,37.0,3,2.0,355921.0
652.0,1,1,16.0,9,1.0,361664.0
2423.0,5,5,53.0,2,0.0,368348.0
1474.0,3,3,55.0,2,1.0,211498.0
2647.0,3,1,53.0,4,0.0,423292.0
1747.0,4,3,36.0,1,1.0,250893.0
1923.0,3,2,59.0,9,0.0,529737.0
2507.0,4,3,52.0,10,3.0,702030.0
1262.0,3,2,6.0,9,0.0,498308.0
1204.0,2,2,59.0,8,0.0,384672.0
1682.0,2,1,33.0,2,2.0,271865.0
2296.0,5,3,55.0,6,1.0,506061.0
1001.0,2,1,46.0,1,3.0,168552.0
799.0,1,1,39.0,4,1.0,180906.0
2294.0,4,2,20.0,5,2.0,503860.0
1438.0,3,2,2.0,7,3.0,464818.0
1565.0,2,1,17.0,3,3.0,307765.0
686.0,1,1,41.0,3,3.0,184125.0
1393.0,2,1,52.0,9,2.0,442970.0
1795.0,4,4,0.0,3,3.0,397843.0
2358.0,5,3,12.0,5,1.0,550200.0
1337.0,2,1,40.0,3,3.0,255974.0
2794.0,6,4,17.0,9,3.0,820176.0
1389.0,3,2,9.0,6,1.0,409838.0
1390.0,2,1,5.0,2,0.0,230973.0
2722.0,4,4,38.0,2,2.0,426330.0
1927.0,3,1,36.0,10,0.0,597913.0
1469.0,2,2,52.0,10,0.0,490645.0
1707.0,3,2,19.0,8,3.0,546025.0
2612.0,5,4,8.0,1,2.0,416940.0
2680.0,3,3,48.0,8,2.0,659816.0
1310.0,2,2,59.0,7,3.0,373575.0
1775.0,3,2,22.0,10,3.0,613162.0
1854.0,4,3,52.0,5,3.0,418659.0
1208.0,1,2,46.0,5,0.0,266320.0
1767.0,3,2,55.0,7,1.0,448341.0
1803.0,3,3,25.0,2,3.0,338563.0
2484.0,5,4,6.0,8,0.0,702995.0
2524.0,4,3,7.0,5,0.0,526335.0
1602.0,4,2,46.0,2,2.0,241972.0
1672.0,3,2,52.0,9,1.0,495659.0
2199.0,3,1,27.0,3,0.0,349027.0
1449.0,3,2,4.0,9,3.0,550493.0
2153.0,3,2,4.0,3,1.0,424463.0
1747.0,4,2,36.0,5,1.0,406060.0
1218.0,1,1,55.0,5,2.0,259662.0
1226.0,1,1,24.0,8,2.0,428585.0
2668.0,5,3,39.0,2,1.0,412929.0
1706.0,4,3,33.0,3,3.0,347375.0
2784.0,3,2,53.0,2,1.0,390371.0
1492.0,3,2,50.0,3,3.0,265057.0
1975.0,3,2,12.0,5,3.0,474291.0
3236.0,4,3,41.0,6,0.0,631193.0
1166.0,1,1,51.0,9,3.0,398680.0
661.0,1,1,56.0,5,0.0,148129.0
2572.0,4,3,35.0,5,1.0,509792.0
1304.0,2,2,11.0,2,3.0,266835.0
1788.0,3,2,33.0,1,0.0,229371.0
1448.0,2,1,40.0,8,2.0,434736.0
1961.0,2,2,16.0,7,3.0,532585.0
1230.0,2,1,58.0,6,1.0,324171.0
1692.0,3,2,14.0,5,0.0,386822.0
2070.0,4,3,55.0,6,0.0,437059.0
1195.0,1,1,26.0,9,2.0,434299.0
1380.0,3,2,0.0,2,0.0,271282.0
1592.0,2,1,33.0,5,0.0,349102.0
943.0,1,1,38.0,3,3.0,203983.0
1546.0,2,1,52.0,2,2.0,226782.0
1871.0,4,4,32.0,7,1.0,519768.0
1560.0,3,2,6.0,8,0.0,503535.0
1637.0,2,1,56.0,9,3.0,515970.0
1788.0,4,3,34.0,1,2.0,228645.0
1407.0,4,3,16.0,2,,272595.0
2215.0,4,2,54.0,6,3.0,499840.0
2662.0,5,5,7.0,9,0.0,806173.0
1521.0,3,2,6.0,10,2.0,570662.0
2091.0,3,2,32.0,8,2.0,566076.0
1656.0,3,2,37.0,10,1.0,542656.0
2019.0,2,1,31.0,9,3.0,564642.0
2739.0,4,3,56.0,4,2.0,477958.0
2105.0,3,1,16.0,6,1.0,508826.0
736.0,1,1,59.0,7,0.0,257462.0
2072.0,3,2,1.0,4,1.0,437170.0
2540.0,4,3,7.0,9,1.0,745058.0
1667.0,3,2,11.0,8,2.0,533920.0
2397.0,4,3,5.0,6,1.0,595811.0
1386.0,1,1,26.0,5,0.0,332357.0
909.0,1,1,52.0,8,2.0,324709.0
1885.0,2,1,49.0,3,1.0,304935.0
746.0,1,1,45.0,3,1.0,122793.0
1656.0,3,2,0.0,5,2.0,447688.0
2572.0,4,3,52.0,2,3.0,402289.0
654.0,1,1,24.0,5,0.0,229513.0
1032.0,2,1,44.0,5,3.0,255705.0
1181.0,2,1,44.0,6,2.0,317339.0
1762.0,2,1,11.0,5,2.0,420713.0
1581.0,3,1,31.0,9,0.0,507430.0
2639.0,5,3,56.0,3,2.0,433530.0
2373.0,5,4,16.0,5,2.0,575658.0
2097.0,3,2,,8,2.0,537391.0
1887.0,4,3,57.0,3,3.0,331432.0
2036.0,3,1,22.0,7,3.0,510155.0
1283.0,3,2,23.0,10,3.0,547929.0
2314.0,3,3,27.0,4,1.0,458895.0
1133.0,2,2,49.0,3,2.0,263753.0
2301.0,2,1,26.0,2,0.0,341117.0
2512.0,4,3,29.0,1,2.0,366862.0
1927.0,3,2,13.0,3,0.0,362979.0
1694.0,3,3,59.0,9,1.0,505567.0
2040.0,5,5,54.0,3,2.0,384077.0
400.0,1,1,36.0,10,1.0,327144.0
1981.0,3,3,58.0,10,3.0,587299.0
1732.0,2,1,41.0,7,0.0,428718.0
1770.0,3,1,58.0,10,3.0,558415.0
2224.0,4,2,10.0,5,2.0,536670.0
1755.0,4,3,14.0,10,1.0,632375.0
1116.0,1,2,53.0,6,0.0,271953.0
1715.0,2,1,25.0,1,0.0,221468.0
1841.0,2,1,22.0,9,1.0,559039.0
1869.0,4,2,45.0,10,2.0,602271.0
1897.0,4,3,38.0,9,2.0,572923.0
2424.0,4,3,21.0,5,1.0,522520.0
1148.0,1,1,24.0,2,2.0,189368.0
1905.0,2,1,25.0,6,2.0,451383.0
2574.0,4,2,8.0,9,1.0,738118.0
759.0,2,2,14.0,9,1.0,394358.0
1908.0,2,2,32.0,7,1.0,483698.0
1449.0,2,1,47.0,8,2.0,436560.0
1578.0,4,4,25.0,1,2.0,267507.0
1257.0,2,2,23.0,7,0.0,431702.0
1698.0,4,3,39.0,2,3.0,303389.0
2905.0,5,3,9.0,8,0.0,726862.0
1041.0,1,1,23.0,1,2.0,139666.0
1098.0,2,1,12.0,6,0.0,324209.0
1019.0,2,1,39.0,10,1.0,419355.0
2836.0,4,2,7.0,2,2.0,473547.0
1523.0,2,1,27.0,5,3.0,351122.0
1785.0,4,3,36.0,1,2.0,262092.0
1558.0,2,1,50.0,8,0.0,440305.0
1233.0,3,3,43.0,10,3.0,504313.0
1659.0,2,1,57.0,1,1.0,182016.0
3275.0,5,4,41.0,6,1.0,656405.0
2635.0,5,3,21.0,8,0.0,679271.0
1288.0,2,1,14.0,1,2.0,189119.0
2189.0,4,3,3.0,5,1.0,523457.0
1301.0,1,1,17.0,2,0.0,193700.0
734.0,2,1,8.0,10,2.0,469825.0
2412.0,2,1,22.0,6,0.0,490561.0
2496.0,4,2,42.0,6,2.0,560453.0
2428.0,5,3,42.0,10,2.0,736934.0
1518.0,3,2,19.0,8,3.0,514992.0
1700.0,2,1,31.0,4,2.0,340116.0
2250.0,3,1,13.0,7,2.0,600324.0
2035.0,3,2,30.0,3,0.0,384544.0
1564.0,3,2,31.0,6,0.0,394735.0
829.0,1,1,18.0,9,2.0,401323.0
1868.0,3,2,16.0,10,2.0,631274.0
2447.0,4,2,59.0,10,2.0,663951.0
1081.0,2,1,32.0,5,2.0,296287.0
2183.0,4,4,34.0,9,3.0,669756.0
1999.0,3,2,0.0,9,2.0,621683.0
2250.0,3,2,11.0,6,0.0,534840.0
2323.0,3,2,21.0,1,1.0,327215.0
1383.0,2,2,58.0,2,1.0,177707.0
830.0,1,1,11.0,7,2.0,333662.0
1480.0,2,1,18.0,9,2.0,520077.0
2333.0,4,3,59.0,10,2.0,698243.0
1475.0,3,2,29.0,3,2.0,301276.0
1384.0,2,2,19.0,9,1.0,511183.0
707.0,2,2,38.0,9,0.0,338465.0
2852.0,4,4,30.0,5,3.0,595066.0
2295.0,4,3,57.0,4,1.0,420150.0
2262.0,4,2,5.0,5,0.0,484805.0
2381.0,5,4,47.0,7,3.0,605520.0
2146.0,3,2,17.0,9,0.0,633845.0
1653.0,3,3,48.0,2,1.0,254088.0
1702.0,4,4,51.0,4,2.0,366359.0
1543.0,3,2,51.0,2,1.0,225613.0
3381.0,5,4,52.0,10,3.0,882438.0
2134.0,5,3,43.0,5,1.0,441588.0
1522.0,2,1,9.0,3,2.0,309961.0
2079.0,3,2,3.0,3,1.0,422180.0
1193.0,2,2,20.0,1,1.0,200754.0
2703.0,5,4,30.0,5,1.0,565240.0
1403.0,2,1,18.0,8,3.0,468182.0
2101.0,3,3,45.0,4,3.0,406438.0
2440.0,4,3,43.0,5,1.0,487506.0
2031.0,3,1,58.0,7,1.0,467028.0
1857.0,5,3,24.0,4,1.0,425700.0
1806.0,3,3,47.0,8,2.0,550790.0
1766.0,3,2,44.0,4,2.0,336196.0
1454.0,2,1,59.0,5,2.0,310828.0
1530.0,2,1,46.0,10,1.0,516235.0
2688.0,4,3,17.0,9,1.0,739386.0
1735.0,2,1,1.0,6,2.0,450420.0
1329.0,2,2,58.0,4,3.0,274217.0
1490.0,2,1,43.0,10,3.0,555598.0
2460.0,5,4,49.0,5,0.0,502936.0
2205.0,3,2,48.0,4,0.0,371662.0
2136.0,3,2,44.0,6,2.0,477497.0
1645.0,2,1,45.0,5,0.0,313697.0
2144.0,5,3,56.0,9,2.0,613894.0
1414.0,2,3,55.0,3,1.0,253743.0
1644.0,3,3,23.0,1,0.0,233815.0
2382.0,5,4,2.0,5,2.0,527646.0
2325.0,4,2,2.0,10,2.0,750403.0
1211.0,1,1,27.0,1,2.0,158453.0
1287.0,1,1,50.0,9,3.0,423808.0
1865.0,4,2,51.0,1,3.0,239450.0
2836.0,4,3,24.0,6,1.0,629060.0
651.0,1,1,18.0,5,2.0,236021.0
1967.0,3,3,30.0,2,3.0,351931.0
974.0,2,1,50.0,8,3.0,372179.0
1419.0,3,2,38.0,2,2.0,234059.0
1581.0,2,2,8.0,5,0.0,381527.0
1548.0,2,1,22.0,6,1.0,399924.0
1480.0,3,2,33.0,6,0.0,380399.0
1804.0,3,2,32.0,1,0.0,210976.0
1479.0,1,1,50.0,5,1.0,329772.0
923.0,2,2,56.0,7,1.0,312011.0
2268.0,3,2,6.0,6,3.0,558176.0
2252.0,4,3,13.0,8,1.0,608570.0
2306.0,5,3,24.0,8,0.0,625642.0
876.0,1,1,18.0,2,0.0,147052.0
1979.0,4,3,24.0,9,0.0,607647.0
2206.0,4,3,2.0,9,1.0,655326.0
1181.0,3,1,4.0,9,1.0,477600.0
1806.0,2,2,50.0,9,1.0,516014.0
1730.0,3,2,6.0,3,1.0,350556.0
2905.0,5,3,49.0,7,1.0,645517.0
2955.0,5,3,18.0,5,2.0,621484.0
801.0,2,2,19.0,10,0.0,450488.0
3296.0,5,4,6.0,9,3.0,890819.0
1251.0,4,2,1.0,2,1.0,258455.0
2388.0,5,4,21.0,10,0.0,716550.0
2382.0,4,2,50.0,7,0.0,531397.0
1203.0,2,2,55.0,6,2.0,298119.0
2096.0,4,2,4.0,5,2.0,515841.0
1735.0,2,1,2.0,5,0.0,406458.0
2133.0,3,2,10.0,8,1.0,617106.0
1938.0,4,3,46.0,8,0.0,551189.0
2518.0,4,3,12.0,6,3.0,599652.0
1845.0,3,2,14.0,10,1.0,624440.0
1699.0,3,2,53.0,3,3.0,316947.0
2458.0,2,2,52.0,5,2.0,466958.0
2148.0,3,2,40.0,6,3.0,504431.0
2239.0,3,1,10.0,2,2.0,383653.0
1401.0,3,3,,5,0.0,375088.0
1173.0,3,2,14.0,9,2.0,495527.0
1459.0,3,2,40.0,7,1.0,435713.0
1428.0,3,2,47.0,8,3.0,453100.0
2272.0,3,2,9.0,2,1.0,384475.0
2386.0,4,3,54.0,2,0.0,331441.0
1707.0,3,2,28.0,5,0.0,400288.0
2659.0,5,4,48.0,4,2.0,491795.0
2621.0,6,4,3.0,1,0.0,398293.0
1946.0,2,2,22.0,6,2.0,486940.0
1307.0,2,2,1.0,8,0.0,453704.0
2745.0,4,3,43.0,8,0.0,644421.0
1763.0,3,2,5.0,2,2.0,348560.0
1876.0,3,2,20.0,8,1.0,561902.0
1596.0,2,1,47.0,4,2.0,296226.0
1266.0,3,2,45.0,2,0.0,145270.0
919.0,1,1,38.0,5,0.0,239659.0
2180.0,3,2,42.0,3,0.0,357978.0
1330.0,1,1,39.0,7,1.0,376412.0
3636.0,6,3,38.0,8,1.0,841551.0
1148.0,1,2,21.0,8,1.0,412163.0
1046.0,2,1,2.0,2,0.0,202455.0
2106.0,3,3,27.0,4,1.0,406112.0
2718.0,4,3,3.0,5,3.0,600559.0
1839.0,4,3,28.0,10,0.0,623452.0
2143.0,4,2,28.0,6,3.0,526947.0
694.0,2,1,11.0,7,1.0,333835.0
1393.0,2,2,47.0,4,2.0,265066.0
1156.0,2,2,42.0,3,2.0,202080.0
663.0,1,1,34.0,8,2.0,310058.0
1870.0,3,2,56.0,9,3.0,534381.0
454.0,1,1,17.0,1,3.0,104954.0
1007.0,1,1,16.0,6,0.0,291374.0
1478.0,3,3,11.0,8,1.0,527727.0
1301.0,2,2,33.0,2,2.0,210891.0
2038.0,4,3,12.0,7,2.0,597666.0
1983.0,3,2,52.0,5,3.0,422485.0
2336.0,4,4,18.0,6,2.0,564228.0
2251.0,4,2,29.0,6,1.0,549567.0
2484.0,5,4,32.0,9,3.0,730358.0
1799.0,2,2,18.0,1,2.0,270176.0
1982.0,2,1,44.0,3,3.0,325718.0
2107.0,3,2,42.0,4,2.0,404336.0
1885.0,2,1,46.0,9,0.0,528021.0
1562.0,2,2,36.0,6,3.0,396077.0
1601.0,3,3,28.0,2,2.0,284119.0
1309.0,2,1,27.0,1,0.0,169080.0
2053.0,3,2,43.0,10,1.0,630251.0
1744.0,3,2,23.0,2,1.0,300263.0
1402.0,2,1,26.0,1,1.0,191100.0
1403.0,3,2,10.0,5,2.0,379165.0
1074.0,1,1,41.0,6,2.0,292280.0
2387.0,3,2,5.0,3,0.0,412164.0
1847.0,4,3,59.0,2,2.0,287723.0
1282.0,2,1,9.0,1,1.0,190972.0
2285.0,5,3,23.0,5,0.0,498524.0
1464.0,2,1,14.0,10,3.0,566446.0
956.0,2,1,17.0,2,1.0,184191.0
2413.0,5,4,19.0,6,0.0,579714.0
1478.0,2,1,43.0,2,2.0,204242.0
1555.0,2,2,11.0,7,3.0,486893.0
1825.0,4,3,16.0,1,0.0,279008.0
2486.0,5,4,6.0,3,0.0,479912.0
1812.0,2,2,20.0,1,3.0,292562.0
1081.0,1,1,56.0,7,2.0,321892.0
2126.0,2,1,,8,1.0,553846.0
1509.0,3,2,47.0,2,1.0,224364.0
2933.0,5,3,28.0,5,2.0,626612.0
1799.0,3,2,27.0,3,2.0,335161.0
459.0,1,1,49.0,1,0.0,30000.0
2014.0,3,2,2.0,1,1.0,325586.0
2967.0,5,2,52.0,10,3.0,800618.0
2746.0,4,3,29.0,7,0.0,632300.0
2899.0,5,4,21.0,7,3.0,708997.0
1188.0,2,1,54.0,3,1.0,191913.0
2347.0,6,4,20.0,3,0.0,460286.0
1367.0,2,1,59.0,8,2.0,417300.0
1935.0,4,1,56.0,5,2.0,366920.0
1036.0,1,1,16.0,2,1.0,213834.0
1413.0,1,1,20.0,5,3.0,350494.0
1394.0,2,1,49.0,6,0.0,339896.0
2339.0,3,2,12.0,6,0.0,528431.0
2280.0,4,2,44.0,6,2.0,484717.0
1966.0,3,1,8.0,9,2.0,596730.0
990.0,1,1,12.0,3,2.0,225756.0
1613.0,4,3,30.0,6,3.0,461359.0
1352.0,2,1,45.0,9,3.0,461696.0
2322.0,3,2,44.0,10,2.0,670986.0
2507.0,5,3,37.0,10,2.0,761460.0
2434.0,4,2,16.0,8,3.0,667602.0
1347.0,3,1,25.0,2,3.0,250031.0
400.0,1,1,15.0,10,0.0,392165.0
740.0,1,1,17.0,1,2.0,126219.0
2653.0,5,4,19.0,6,3.0,631400.0
1559.0,3,3,36.0,5,0.0,371474.0
1350.0,3,1,12.0,7,3.0,457211.0
2786.0,5,4,3.0,8,2.0,770203.0
2559.0,5,3,42.0,8,0.0,643676.0
1815.0,4,3,1.0,3,2.0,423053.0
1624.0,3,2,58.0,8,1.0,470951.0
1721.0,3,2,21.0,8,1.0,519661.0
1936.0,2,1,0.0,1,2.0,288924.0
2760.0,5,4,53.0,7,2.0,648458.0
2053.0,3,2,36.0,2,3.0,317727.0
2236.0,3,1,49.0,6,1.0,479233.0
2502.0,5,4,26.0,3,0.0,459617.0
1098.0,1,1,21.0,4,3.0,314682.0
2253.0,5,3,39.0,3,1.0,420983.0
1623.0,3,2,24.0,9,3.0,540991.0
400.0,1,1,33.0,10,3.0,337718.0
523.0,1,1,17.0,8,0.0,272425.0
1189.0,1,1,20.0,8,1.0,378796.0
2119.0,3,3,5.0,4,0.0,450153.0
1868.0,3,2,47.0,2,2.0,261510.0
1911.0,4,3,21.0,6,3.0,535124.0
2971.0,5,4,58.0,5,2.0,592309.0
1039.0,1,1,16.0,3,1.0,217920.0
1784.0,2,1,29.0,3,3.0,318927.0
1983.0,5,4,18.0,2,0.0,381207.0
1358.0,1,1,42.0,9,0.0,457431.0
1817.0,4,3,49.0,4,1.0,344989.0
840.0,1,1,29.0,10,3.0,410382.0
2646.0,4,3,22.0,7,3.0,655676.0
1391.0,3,2,45.0,2,2.0,230670.0
3019.0,4,3,11.0,1,3.0,448999.0
1781.0,4,2,36.0,5,3.0,425123.0
2417.0,4,3,44.0,1,2.0,357626.0
1768.0,3,2,16.0,10,0.0,583470.0
1782.0,3,2,39.0,10,3.0,592755.0
1450.0,3,1,44.0,7,2.0,383595.0
1871.0,4,2,7.0,3,0.0,356439.0
1991.0,3,3,19.0,9,3.0,632604.0
1329.0,3,2,24.0,7,1.0,408100.0
1725.0,2,1,47.0,4,3.0,335450.0
1434.0,3,2,34.0,9,1.0,495440.0
3180.0,6,4,27.0,3,0.0,551025.0
1746.0,2,2,19.0,6,1.0,438816.0
2727.0,5,3,0.0,7,1.0,692285.0
1683.0,3,3,1.0,10,3.0,646350.0
1956.0,3,2,14.0,2,0.0,317902.0
1007.0,2,1,7.0,3,3.0,263681.0
1532.0,3,1,7.0,9,0.0,499896.0
1926.0,3,2,36.0,5,3.0,434959.0
2752.0,5,4,36.0,8,2.0,697785.0
1933.0,3,2,3.0,8,1.0,576831.0
2630.0,4,3,36.0,4,3.0,481997.0
2184.0,4,3,9.0,4,1.0,462776.0
2776.0,4,4,23.0,5,2.0,596308.0
1765.0,5,4,59.0,1,0.0,239096.0
3234.0,4,3,31.0,8,0.0,738677.0
1509.0,2,2,2.0,2,1.0,292231.0
1340.0,2,2,21.0,10,0.0,533397.0
1074.0,3,2,40.0,8,0.0,374287.0
3199.0,4,3,13.0,4,1.0,598180.0
2292.0,4,3,58.0,1,2.0,261844.0
1600.0,3,2,26.0,8,0.0,472344.0
2549.0,4,3,1.0,5,3.0,594418.0
2213.0,5,4,32.0,2,3.0,407318.0
2980.0,6,5,41.0,5,3.0,621711.0
871.0,1,1,27.0,10,0.0,447611.0
1641.0,3,3,56.0,7,3.0,453140.0
1522.0,1,1,54.0,7,0.0,347244.0
616.0,1,1,8.0,6,0.0,285244.0
2436.0,4,3,5.0,2,2.0,412898.0
1638.0,3,2,19.0,10,3.0,609886.0
2244.0,3,2,36.0,8,0.0,558613.0
3216.0,6,4,36.0,6,1.0,668174.0
1588.0,1,1,16.0,8,1.0,494336.0
1547.0,3,1,57.0,4,2.0,283901.0
1871.0,2,2,18.0,8,2.0,576503.0
2392.0,3,1,48.0,10,2.0,653371.0
1460.0,3,2,,4,0.0,257245.0
1421.0,3,2,6.0,1,3.0,251641.0
2434.0,5,3,14.0,8,2.0,724930.0
2027.0,4,3,13.0,9,2.0,663437.0
573.0,1,1,55.0,9,1.0,300780.0
1065.0,3,2,21.0,10,0.0,486354.0
2701.0,3,2,50.0,4,2.0,457661.0
2041.0,4,2,29.0,10,1.0,689410.0
1343.0,2,3,27.0,3,0.0,274275.0
1698.0,2,1,54.0,6,2.0,386373.0
1808.0,3,2,26.0,9,1.0,581285.0
2241.0,4,2,45.0,10,3.0,657371.0
985.0,2,2,25.0,7,2.0,353030.0
1295.0,2,1,6.0,6,1.0,381387.0
1964.0,3,1,3.0,5,0.0,461330.0
1740.0,3,3,12.0,9,1.0,568889.0
2143.0,4,3,43.0,9,0.0,605942.0
1062.0,2,2,22.0,3,0.0,223803.0
2014.0,3,3,27.0,2,1.0,306592.0
2455.0,5,4,6.0,9,2.0,743986.0
2092.0,2,3,37.0,9,0.0,599722.0
1883.0,3,1,48.0,1,0.0,188179.0
1742.0,2,1,37.0,5,0.0,377550.0
1299.0,2,1,59.0,6,3.0,331175.0
1757.0,4,4,1.0,1,3.0,342502.0
2556.0,4,4,1.0,7,1.0,672135.0
1729.0,3,3,30.0,10,1.0,581545.0
1266.0,3,2,16.0,3,1.0,269303.0
1505.0,1,1,41.0,8,2.0,443718.0
1921.0,3,2,48.0,1,2.0,235061.0
1576.0,3,2,6.0,3,1.0,336559.0
2091.0,1,1,55.0,6,2.0,415303.0
2114.0,3,2,2.0,10,0.0,691151.0
2333.0,5,3,41.0,9,2.0,675003.0
2654.0,5,4,23.0,10,3.0,787265.0
2398.0,4,2,40.0,10,0.0,684670.0
1239.0,3,2,6.0,9,2.0,489371.0
1258.0,2,1,56.0,4,2.0,214656.0
1755.0,3,2,56.0,2,3.0,252202.0
1529.0,2,1,31.0,9,3.0,553210.0
1117.0,2,1,31.0,2,0.0,185405.0
1535.0,2,2,38.0,6,0.0,395992.0
1515.0,3,2,35.0,8,0.0,467996.0
1397.0,3,2,33.0,1,2.0,209634.0
1611.0,4,3,35.0,10,2.0,600801.0
2507.0,4,2,52.0,4,2.0,434344.0
1920.0,3,2,37.0,3,1.0,338318.0
3283.0,6,4,12.0,4,0.0,647578.0
1902.0,4,3,55.0,5,,402271.0
1626.0,3,2,13.0,5,1.0,423782.0
1802.0,3,2,10.0,2,1.0,320583.0
1954.0,4,4,60.0,2,1.0,318769.0
2061.0,3,2,13.0,5,0.0,453917.0
3046.0,6,4,6.0,3,1.0,601653.0
1293.0,3,3,34.0,7,3.0,437140.0
2315.0,5,3,50.0,9,0.0,626901.0
1925.0,4,3,4.0,1,3.0,322613.0
857.0,1,1,29.0,1,0.0,91792.0
2262.0,4,3,4.0,7,2.0,605434.0
2561.0,6,4,26.0,1,0.0,380745.0
1286.0,2,2,21.0,7,1.0,389863.0
1795.0,3,2,8.0,5,3.0,473691.0
765.0,2,1,56.0,5,3.0,219761.0
1045.0,2,2,38.0,7,2.0,356892.0
2429.0,6,4,51.0,9,2.0,670375.0
1520.0,2,3,54.0,2,2.0,218904.0
1135.0,1,1,56.0,2,3.0,124164.0
1938.0,4,3,45.0,7,2.0,533343.0
1487.0,2,2,18.0,1,2.0,210226.0
1518.0,2,1,50.0,5,0.0,285391.0
2244.0,4,2,31.0,5,3.0,511858.0
1103.0,3,2,16.0,4,2.0,307615.0
1257.0,3,3,23.0,6,1.0,387833.0
1892.0,3,1,18.0,2,0.0,300928.0
2382.0,4,3,28.0,3,2.0,447205.0
2543.0,5,4,47.0,1,3.0,368986.0
1401.0,5,5,29.0,10,3.0,578517.0
2362.0,4,3,,9,3.0,721366.0
1330.0,2,2,5.0,3,3.0,320075.0
2896.0,4,3,51.0,1,2.0,391009.0
1120.0,1,1,25.0,3,3.0,218124.0
2597.0,4,3,27.0,10,0.0,738050.0
1406.0,2,1,46.0,9,1.0,456465.0
3008.0,5,3,51.0,7,1.0,647548.0
2155.0,5,3,31.0,10,2.0,658557.0
1190.0,3,2,38.0,2,1.0,204140.0
1487.0,2,1,14.0,6,1.0,414527.0
2269.0,3,2,56.0,8,3.0,571568.0
2432.0,5,4,34.0,1,2.0,373334.0
1758.0,3,2,43.0,5,2.0,393671.0
1827.0,2,2,7.0,4,0.0,386475.0
2255.0,4,3,38.0,2,2.0,362149.0
1879.0,4,2,22.0,3,1.0,376749.0
1024.0,1,1,27.0,10,2.0,437116.0
1312.0,2,2,41.0,6,3.0,376648.0
1941.0,3,2,48.0,1,1.0,220443.0
2529.0,5,4,21.0,7,3.0,651986.0
2770.0,4,3,52.0,6,2.0,598359.0
2268.0,3,1,13.0,4,1.0,423265.0
1972.0,4,3,34.0,4,3.0,416624.0
2249.0,3,3,9.0,6,0.0,578274.0
1400.0,3,3,17.0,10,2.0,585883.0
1708.0,2,1,54.0,8,1.0,438806.0
1306.0,1,1,1.0,5,2.0,350853.0
1051.0,2,1,55.0,3,0.0,161476.0
2000.0,4,3,20.0,2,2.0,375679.0
1911.0,4,3,42.0,2,0.0,279117.0
2213.0,3,1,6.0,2,1.0,346053.0
2128.0,3,2,38.0,9,3.0,629692.0
1946.0,4,3,55.0,6,2.0,430399.0
2134.0,2,1,33.0,1,1.0,249378.0
1774.0,4,3,22.0,10,1.0,624304.0
2048.0,4,3,48.0,2,0.0,301349.0
1364.0,3,2,43.0,7,0.0,366359.0
2022.0,3,2,7.0,1,2.0,323358.0
2201.0,3,2,40.0,6,1.0,494652.0
1398.0,2,2,40.0,6,0.0,342171.0
1831.0,2,2,45.0,10,1.0,597681.0
1426.0,2,1,19.0,7,1.0,426346.0
1484.0,3,3,24.0,5,3.0,383687.0
1125.0,2,1,58.0,6,0.0,297562.0
2559.0,4,2,34.0,7,1.0,591118.0
2439.0,5,4,31.0,5,0.0,525643.0
2122.0,4,3,59.0,8,0.0,531474.0
2983.0,6,4,14.0,6,2.0,705880.0
1686.0,3,1,24.0,10,0.0,559397.0
3619.0,6,5,46.0,2,2.0,548205.0
1663.0,3,2,43.0,8,3.0,494854.0
1953.0,4,3,58.0,9,1.0,554763.0
1561.0,2,1,39.0,8,0.0,456215.0
2023.0,3,3,19.0,10,3.0,663543.0
2301.0,4,2,24.0,5,3.0,508583.0
1732.0,3,3,5.0,6,3.0,501714.0
2866.0,5,3,55.0,2,3.0,424282.0
1943.0,4,4,8.0,4,3.0,481886.0
1962.0,4,3,33.0,2,2.0,309305.0
1255.0,2,2,,8,3.0,461809.0
2051.0,3,2,8.0,8,1.0,574384.0
1720.0,4,3,18.0,2,3.0,326208.0
1435.0,3,3,38.0,9,0.0,470125.0
1334.0,2,2,2.0,4,3.0,349775.0
3403.0,6,5,58.0,8,1.0,783001.0
1642.0,2,1,55.0,10,1.0,538214.0
926.0,2,1,5.0,9,2.0,445984.0
1381.0,2,2,52.0,2,0.0,193079.0
1769.0,3,2,20.0,2,3.0,300205.0
2128.0,5,4,,2,2.0,426717.0
2133.0,3,2,18.0,9,0.0,647385.0
2206.0,4,3,49.0,6,3.0,524625.0
1413.0,4,3,40.0,2,0.0,216706.0
2004.0,4,2,14.0,6,3.0,515622.0
1274.0,2,1,43.0,6,3.0,346131.0
1428.0,2,1,42.0,6,2.0,350831.0
1249.0,1,1,45.0,7,2.0,394343.0
1087.0,2,2,32.0,2,3.0,200380.0
2439.0,4,3,49.0,4,3.0,459676.0
2213.0,3,2,38.0,8,2.0,573651.0
2386.0,4,2,8.0,10,0.0,733095.0
1824.0,3,2,49.0,3,2.0,330707.0
2266.0,4,4,19.0,6,0.0,552059.0
743.0,1,1,42.0,10,0.0,360025.0
2318.0,3,2,41.0,7,0.0,518727.0
1906.0,3,2,20.0,3,1.0,373101.0
2176.0,3,2,10.0,6,3.0,543541.0
2028.0,5,3,42.0,1,0.0,273448.0
1208.0,2,1,51.0,5,0.0,225536.0
901.0,1,1,50.0,6,0.0,242638.0
1373.0,3,2,38.0,1,0.0,172251.0
2139.0,4,3,14.0,3,2.0,395402.0
2214.0,4,3,19.0,10,3.0,737724.0
979.0,1,1,45.0,7,0.0,289279.0
1211.0,3,2,25.0,5,3.0,375474.0
1366.0,2,2,44.0,3,3.0,281065.0
1586.0,3,2,19.0,2,0.0,258193.0
983.0,2,2,0.0,5,1.0,347160.0
947.0,2,1,36.0,6,3.0,331420.0
1307.0,3,3,36.0,2,2.0,231068.0
1852.0,3,2,38.0,9,0.0,531238.0
1092.0,1,1,16.0,5,0.0,256550.0
1731.0,4,2,49.0,1,1.0,226003.0
2435.0,4,2,29.0,2,3.0,377970.0
1019.0,2,1,46.0,9,3.0,411273.0
1676.0,2,1,37.0,4,1.0,309566.0
2415.0,3,2,25.0,4,2.0,452414.0
1549.0,3,2,41.0,2,2.0,241056.0
1456.0,3,1,34.0,9,1.0,465287.0
2498.0,3,2,31.0,9,2.0,672743.0
1616.0,3,2,39.0,3,1.0,278299.0
2463.0,4,3,5.0,8,2.0,691442.0
2057.0,4,3,55.0,5,2.0,433044.0
1594.0,2,2,20.0,2,2.0,262400.0
2088.0,3,3,13.0,8,3.0,637916.0
1992.0,3,3,46.0,1,2.0,265678.0
2413.0,3,1,14.0,9,2.0,703269.0
1471.0,3,2,60.0,1,3.0,187252.0
1825.0,3,2,25.0,4,2.0,386087.0
1763.0,3,2,18.0,3,1.0,332299.0
2222.0,4,3,4.0,3,2.0,457639.0
1185.0,1,1,3.0,5,3.0,348904.0
2410.0,3,3,6.0,8,3.0,695657.0
2080.0,4,3,0.0,4,1.0,491790.0
1010.0,1,1,20.0,6,1.0,303557.0
2525.0,3,2,19.0,10,1.0,746952.0
3140.0,6,4,26.0,5,0.0,645377.0
2401.0,4,3,14.0,8,1.0,666230.0
2656.0,4,2,4.0,4,0.0,511406.0
1851.0,3,3,4.0,1,1.0,299522.0
803.0,1,1,11.0,3,0.0,181526.0
694.0,2,1,19.0,2,1.0,140112.0
1953.0,4,3,9.0,10,2.0,671908.0
1445.0,2,1,22.0,1,3.0,216053.0
1251.0,2,1,55.0,9,3.0,418297.0
1762.0,2,2,16.0,2,2.0,311499.0
2169.0,3,1,10.0,2,2.0,360472.0
928.0,2,1,40.0,6,3.0,301025.0
1531.0,3,2,29.0,1,2.0,223994.0
2706.0,4,3,3.0,1,0.0,406429.0
1155.0,2,2,47.0,8,3.0,399280.0
2322.0,4,3,43.0,1,2.0,330545.0
1509.0,2,2,59.0,6,2.0,351178.0
2127.0,3,2,56.0,2,0.0,285127.0
2458.0,4,3,35.0,1,1.0,318032.0
2245.0,4,2,41.0,7,1.0,551421.0
2345.0,4,4,25.0,4,3.0,487341.0
1109.0,2,1,53.0,1,1.0,100460.0
2468.0,3,2,33.0,7,1.0,561554.0
1288.0,1,1,20.0,10,2.0,488691.0
1956.0,4,2,1.0,6,0.0,500854.0
1955.0,4,3,35.0,4,2.0,429949.0
2091.0,4,3,32.0,9,0.0,605274.0
2002.0,3,3,49.0,4,0.0,333630.0
1294.0,2,2,11.0,7,1.0,430670.0
990.0,1,1,49.0,5,0.0,208386.0
2323.0,5,3,1.0,8,,677756.0
1912.0,3,3,35.0,6,1.0,457336.0
2490.0,4,3,24.0,5,2.0,534490.0
1773.0,3,2,20.0,5,0.0,424180.0
957.0,1,1,26.0,3,1.0,205762.0
2380.0,5,4,13.0,5,2.0,541004.0
1578.0,2,2,11.0,1,3.0,245059.0
2005.0,3,2,48.0,4,2.0,347917.0
1412.0,3,2,14.0,1,2.0,275840.0
2787.0,4,2,44.0,4,3.0,489517.0
1274.0,2,2,43.0,4,0.0,275763.0
1598.0,3,2,2.0,1,3.0,277384.0
1864.0,2,1,53.0,3,1.0,263894.0
1145.0,2,1,47.0,7,1.0,336863.0
1998.0,3,2,48.0,10,2.0,608760.0
2767.0,5,4,49.0,7,3.0,670112.0
1506.0,3,2,35.0,8,3.0,496664.0
2037.0,4,2,60.0,7,3.0,489772.0
400.0,2,1,11.0,10,1.0,346901.0
1777.0,2,2,4.0,10,0.0,598133.0
1612.0,2,2,42.0,2,0.0,195427.0
1309.0,3,2,18.0,5,3.0,367143.0
2449.0,4,3,36.0,10,0.0,710153.0
1604.0,3,2,24.0,9,1.0,518914.0
1694.0,5,4,20.0,6,1.0,463369.0
1574.0,3,3,54.0,5,2.0,357119.0
650.0,2,2,9.0,1,1.0,129421.0
1121.0,2,1,11.0,5,2.0,323246.0
2377.0,3,2,40.0,6,2.0,515534.0
534.0,1,1,47.0,7,3.0,257399.0
1340.0,3,3,50.0,6,0.0,340161.0
1560.0,3,2,14.0,3,3.0,330349.0
2846.0,5,3,53.0,10,2.0,750093.0
2261.0,4,2,37.0,3,3.0,400153.0
1466.0,2,1,49.0,4,1.0,273274.0
2583.0,4,3,4.0,6,1.0,613453.0
1356.0,3,2,21.0,3,2.0,320746.0
2405.0,5,4,31.0,1,3.0,377922.0
985.0,1,1,35.0,7,0.0,310873.0
2444.0,5,4,6.0,3,2.0,501319.0
1556.0,2,2,32.0,9,0.0,530877.0
1183.0,2,2,40.0,8,3.0,421705.0
1670.0,3,1,22.0,5,1.0,352448.0
1966.0,4,2,30.0,5,3.0,459721.0
1503.0,2,1,18.0,10,0.0,523321.0
2132.0,4,3,52.0,1,0.0,236475.0
1450.0,3,3,36.0,4,3.0,364763.0
2172.0,3,2,33.0,1,1.0,309674.0
2065.0,3,2,57.0,2,0.0,256852.0
1763.0,3,1,40.0,10,3.0,569231.0
1535.0,2,2,17.0,2,1.0,269173.0
1891.0,3,2,39.0,10,3.0,604692.0
2130.0,4,4,58.0,8,1.0,560514.0
3037.0,5,3,1.0,7,3.0,748426.0
2364.0,4,4,38.0,8,2.0,632506.0
2386.0,4,3,9.0,2,1.0,389527.0
3653.0,5,3,49.0,2,1.0,525569.0
2110.0,4,3,38.0,4,1.0,432797.0
2091.0,2,2,56.0,8,2.0,526875.0
2222.0,4,3,40.0,4,2.0,435204.0
1195.0,2,2,1.0,2,0.0,249727.0
1534.0,3,3,31.0,8,1.0,488901.0
1496.0,2,2,54.0,7,1.0,417335.0
2189.0,4,3,14.0,6,3.0,541849.0
1695.0,3,2,5.0,5,1.0,439714.0
1883.0,3,2,43.0,8,2.0,521301.0
2452.0,4,3,30.0,8,0.0,617598.0
2318.0,4,2,3.0,4,1.0,516818.0
1703.0,3,2,17.0,2,1.0,331044.0
1398.0,1,1,20.0,9,1.0,477154.0
2481.0,6,4,40.0,2,3.0,428353.0
2264.0,4,3,28.0,5,3.0,502892.0
836.0,2,1,29.0,9,1.0,377950.0
1612.0,3,3,48.0,5,2.0,354693.0
1899.0,2,2,17.0,9,3.0,585732.0
2267.0,4,3,40.0,5,0.0,493042.0
2346.0,4,3,22.0,8,1.0,638086.0
1970.0,4,2,25.0,6,2.0,492879.0
2151.0,3,2,33.0,3,0.0,345670.0
1838.0,3,2,42.0,9,1.0,550282.0
1396.0,2,1,57.0,5,0.0,255383.0
1643.0,3,2,16.0,5,1.0,391414.0
1811.0,2,1,6.0,7,0.0,472275.0
1779.0,5,4,26.0,10,2.0,668823.0
669.0,3,3,33.0,9,3.0,374438.0
1562.0,4,4,,4,1.0,371620.0
1834.0,4,4,53.0,3,0.0,288538.0
1631.0,3,1,48.0,4,1.0,290204.0
1652.0,4,2,30.0,3,0.0,299563.0
2093.0,3,1,27.0,3,1.0,371071.0
1153.0,1,1,2.0,5,2.0,333090.0
823.0,2,1,32.0,1,1.0,106309.0
1591.0,3,2,36.0,6,2.0,416785.0
2258.0,4,3,53.0,9,2.0,622168.0
2813.0,4,3,30.0,5,0.0,592969.0
2269.0,3,1,9.0,1,2.0,322839.0
919.0,1,1,11.0,4,2.0,262852.0
1661.0,3,2,10.0,4,0.0,379971.0
1954.0,2,2,56.0,6,1.0,408988.0
1907.0,3,2,48.0,3,1.0,315577.0
2124.0,3,2,49.0,4,1.0,372603.0
1250.0,1,1,50.0,8,3.0,397610.0
1839.0,3,3,6.0,2,2.0,350872.0
2052.0,3,2,42.0,10,3.0,638736.0
2295.0,4,2,42.0,3,2.0,371427.0
1317.0,1,1,13.0,9,0.0,496443.0
1593.0,2,1,29.0,1,2.0,224084.0
400.0,1,1,40.0,4,0.0,101770.0
1427.0,1,1,54.0,4,1.0,244912.0
1485.0,4,2,7.0,5,3.0,396859.0
1188.0,3,2,54.0,1,3.0,171239.0
1899.0,3,2,55.0,3,0.0,292245.0
1766.0,2,3,55.0,9,3.0,538185.0
444.0,1,1,0.0,10,3.0,389844.0
1929.0,4,3,13.0,5,3.0,480827.0
1243.0,2,1,41.0,2,3.0,212954.0
2091.0,4,2,19.0,3,0.0,394985.0
1031.0,2,1,4.0,10,0.0,489966.0
1818.0,3,2,46.0,10,2.0,562777.0
1630.0,2,1,2.0,9,0.0,541528.0
1982.0,4,3,27.0,9,1.0,617348.0
1875.0,2,1,57.0,8,3.0,478728.0
1647.0,3,2,26.0,7,3.0,457459.0
878.0,1,1,55.0,8,1.0,289925.0
914.0,2,2,25.0,7,2.0,377925.0
1450.0,3,2,21.0,4,2.0,322928.0
1795.0,3,3,6.0,7,1.0,529553.0
1435.0,3,1,21.0,3,,269835.0
2175.0,2,2,20.0,7,1.0,543293.0
1632.0,2,2,51.0,4,2.0,307390.0
1221.0,2,1,55.0,5,3.0,295277.0
1633.0,4,4,1.0,2,3.0,361260.0
1936.0,2,1,6.0,10,0.0,618735.0
1995.0,3,1,39.0,8,2.0,535480.0
2927.0,6,4,29.0,2,2.0,464431.0
1399.0,2,1,18.0,5,0.0,343999.0
1756.0,3,3,16.0,5,3.0,438625.0
2056.0,4,3,13.0,9,2.0,646333.0
1786.0,3,2,32.0,8,2.0,531884.0
1500.0,4,4,1.0,9,2.0,588390.0
870.0,2,2,44.0,5,1.0,239535.0
1493.0,3,2,18.0,2,0.0,276660.0
1156.0,2,1,26.0,8,1.0,390050.0
764.0,1,1,32.0,3,3.0,188268.0
1323.0,2,1,13.0,7,2.0,437839.0
1172.0,1,1,53.0,5,2.0,280083.0
2150.0,4,3,41.0,4,0.0,439248.0
2161.0,3,2,52.0,2,0.0,280010.0
1258.0,2,1,29.0,9,2.0,447793.0
1644.0,3,2,26.0,7,3.0,494146.0
685.0,1,1,14.0,4,1.0,225894.0
1503.0,3,2,33.0,8,1.0,457113.0
2039.0,3,1,36.0,10,3.0,642902.0
2295.0,5,3,25.0,8,0.0,665973.0
1372.0,2,2,9.0,10,2.0,559310.0
2431.0,4,3,16.0,5,0.0,538192.0
891.0,2,1,1.0,4,1.0,290545.0
1051.0,2,1,19.0,9,1.0,470420.0
2226.0,4,2,35.0,7,2.0,559537.0
2803.0,4,3,57.0,7,1.0,632352.0
2096.0,4,3,11.0,7,1.0,563265.0
1776.0,3,3,3.0,10,1.0,646793.0
483.0,1,1,18.0,7,0.0,255719.0
587.0,1,1,9.0,9,3.0,353488.0
1878.0,3,1,42.0,1,2.0,212802.0
1585.0,2,1,0.0,8,2.0,526880.0
1136.0,2,1,59.0,4,2.0,228469.0
1839.0,3,2,51.0,2,0.0,236234.0
1869.0,4,2,29.0,3,2.0,377093.0
2367.0,4,3,55.0,9,2.0,627038.0
1882.0,4,4,38.0,9,1.0,596507.0
2537.0,5,3,60.0,4,2.0,449729.0
1805.0,3,2,17.0,2,1.0,309314.0
1731.0,3,1,60.0,5,2.0,359818.0
2439.0,4,3,11.0,4,1.0,510686.0
1213.0,3,3,21.0,5,3.0,375938.0
3489.0,6,5,56.0,8,0.0,807964.0
2025.0,4,3,22.0,4,1.0,408259.0
2028.0,3,2,13.0,2,2.0,366934.0
2115.0,4,3,4.0,2,0.0,360126.0
2926.0,6,5,9.0,7,2.0,751661.0
2276.0,5,4,21.0,2,0.0,384902.0
837.0,1,1,25.0,3,2.0,196888.0
2642.0,5,4,33.0,9,1.0,725517.0
1595.0,2,1,49.0,1,0.0,165142.0
1864.0,3,3,1.0,7,1.0,571111.0
1032.0,2,2,50.0,1,1.0,102283.0
2116.0,4,2,35.0,10,0.0,643183.0
1409.0,3,2,45.0,8,2.0,428410.0
1860.0,2,2,45.0,9,2.0,557655.0
1630.0,3,2,54.0,7,2.0,417859.0
2955.0,5,4,6.0,5,3.0,660278.0
2989.0,4,4,34.0,10,2.0,815260.0
1828.0,4,3,55.0,8,3.0,544697.0
1838.0,4,3,43.0,1,2.0,263800.0
1576.0,3,3,6.0,6,2.0,469162.0
2464.0,5,5,37.0,6,3.0,611680.0
1603.0,3,3,48.0,3,2.0,276413.0
1547.0,4,3,16.0,5,2.0,409355.0
2387.0,4,3,38.0,10,2.0,717341.0
1477.0,2,2,50.0,1,3.0,164902.0
1777.0,4,3,31.0,10,1.0,587771.0
851.0,2,2,12.0,8,0.0,368139.0
2223.0,3,2,33.0,2,1.0,317591.0
2965.0,4,3,35.0,4,0.0,519652.0
2233.0,4,3,24.0,9,1.0,667048.0
2677.0,4,2,41.0,8,3.0,679714.0
1292.0,2,1,26.0,1,0.0,194013.0
1942.0,4,3,53.0,2,3.0,308085.0
1234.0,2,2,47.0,10,2.0,479595.0
1663.0,2,1,48.0,2,1.0,223513.0
2263.0,4,2,32.0,7,1.0,561780.0
1861.0,3,3,12.0,10,3.0,671346.0
952.0,2,2,43.0,2,0.0,161476.0
1011.0,1,1,4.0,1,2.0,191049.0
971.0,1,1,31.0,9,1.0,401534.0
2095.0,4,3,3.0,10,2.0,740303.0
3038.0,5,4,32.0,6,3.0,678949.0
2617.0,4,3,41.0,3,3.0,443302.0
662.0,1,1,25.0,1,1.0,89571.0
2653.0,4,3,25.0,10,2.0,777922.0
2362.0,4,2,7.0,8,1.0,635441.0
873.0,2,1,18.0,9,2.0,404971.0
1618.0,2,1,27.0,8,0.0,450046.0
2457.0,4,3,52.0,5,3.0,506139.0
2130.0,5,4,54.0,5,0.0,450507.0
1015.0,2,2,57.0,4,0.0,175976.0
2166.0,2,1,6.0,8,3.0,602417.0
517.0,1,1,18.0,2,1.0,148452.0
1666.0,4,2,28.0,1,0.0,244703.0
2483.0,3,2,39.0,10,2.0,716425.0
1811.0,3,2,42.0,4,1.0,338710.0
1501.0,2,1,47.0,1,3.0,190925.0
2334.0,4,3,30.0,7,3.0,600550.0
2385.0,4,3,33.0,4,2.0,456139.0
2586.0,5,3,58.0,3,1.0,405601.0
2325.0,4,3,14.0,5,1.0,514431.0
2449.0,5,4,48.0,5,2.0,494530.0
2240.0,4,2,43.0,7,3.0,535126.0
1959.0,3,3,8.0,10,2.0,676038.0
1854.0,3,2,56.0,9,0.0,507336.0
1658.0,1,1,51.0,9,0.0,462898.0
1073.0,2,2,47.0,5,2.0,253635.0
1227.0,3,2,8.0,6,1.0,404162.0
1631.0,3,2,8.0,2,1.0,331189.0
1945.0,4,3,41.0,6,1.0,482881.0
2664.0,4,3,6.0,7,2.0,694886.0
1775.0,3,1,7.0,9,0.0,577992.0
2402.0,5,4,24.0,1,0.0,362616.0
2448.0,5,3,0.0,9,0.0,730770.0
1661.0,4,3,43.0,6,2.0,418288.0
2157.0,4,3,32.0,1,2.0,326563.0
1654.0,3,2,5.0,10,3.0,638141.0
2593.0,4,3,33.0,5,0.0,514575.0
2182.0,3,2,3.0,5,0.0,496870.0
1086.0,1,1,4.0,2,0.0,192083.0
1897.0,2,1,29.0,1,2.0,241098.0
2789.0,5,4,30.0,1,2.0,424151.0
1691.0,3,2,20.0,3,0.0,324906.0
2069.0,2,1,37.0,3,1.0,326853.0
2128.0,4,2,23.0,5,0.0,454205.0
1178.0,2,2,35.0,7,2.0,383178.0
2106.0,3,2,21.0,10,2.0,644989.0
964.0,1,1,43.0,8,0.0,320445.0
1425.0,2,1,35.0,5,0.0,296023.0
2445.0,4,3,10.0,10,2.0,766828.0
2014.0,4,2,41.0,6,3.0,499873.0
1617.0,1,1,47.0,5,3.0,350037.0
2068.0,2,2,4.0,3,2.0,393032.0
1764.0,3,1,37.0,5,2.0,374861.0
1808.0,3,3,47.0,1,3.0,242920.0
2194.0,4,4,7.0,2,3.0,450162.0
1364.0,2,1,54.0,10,3.0,486901.0
1824.0,2,2,25.0,2,1.0,293024.0
1613.0,3,2,44.0,6,1.0,362831.0
849.0,1,1,54.0,2,0.0,80864.0
1248.0,3,2,59.0,7,0.0,344533.0
2741.0,4,2,,10,1.0,750998.0
2031.0,3,2,42.0,5,3.0,438336.0
1006.0,3,3,15.0,2,1.0,227030.0
876.0,1,1,17.0,1,2.0,151123.0
1733.0,3,2,51.0,8,3.0,468277.0
2737.0,5,4,24.0,2,1.0,434336.0
1688.0,3,3,49.0,4,1.0,332198.0
2584.0,5,3,3.0,9,2.0,755565.0
2011.0,3,3,13.0,6,1.0,506452.0
2083.0,4,3,10.0,9,1.0,657247.0
999.0,1,1,32.0,9,3.0,403662.0
2363.0,4,3,5.0,7,1.0,627560.0
1599.0,4,2,21.0,10,1.0,593490.0
2318.0,5,3,59.0,1,3.0,312364.0
1311.0,2,2,48.0,3,2.0,248619.0
1906.0,4,3,46.0,3,3.0,321374.0
2011.0,3,2,8.0,10,1.0,658079.0
1708.0,3,1,22.0,7,3.0,499001.0
2043.0,4,3,41.0,3,3.0,366039.0
1640.0,4,3,1.0,3,0.0,345419.0
1411.0,2,1,26.0,9,0.0,470510.0
2763.0,4,3,56.0,9,2.0,706872.0
2429.0,6,4,5.0,1,2.0,408244.0
1343.0,2,1,54.0,4,0.0,266616.0
2141.0,5,3,12.0,6,2.0,560883.0
1354.0,2,1,11.0,3,0.0,255269.0
1089.0,2,2,12.0,8,3.0,423469.0
2420.0,4,3,56.0,8,2.0,614444.0
778.0,2,1,36.0,9,3.0,366693.0
2356.0,5,5,45.0,8,0.0,661037.0
1648.0,2,1,22.0,9,3.0,550691.0
1673.0,3,2,52.0,4,1.0,323582.0
2046.0,4,3,35.0,3,0.0,365118.0
2149.0,3,1,36.0,4,1.0,407790.0
1304.0,2,1,45.0,9,1.0,399426.0
2231.0,4,3,46.0,7,2.0,534063.0
1868.0,4,3,,4,3.0,411324.0
1046.0,1,1,7.0,8,1.0,430277.0
1698.0,3,2,52.0,3,2.0,270815.0
2629.0,4,3,16.0,3,0.0,437233.0
2806.0,4,3,60.0,1,3.0,361009.0
2230.0,4,3,23.0,10,1.0,708881.0
1086.0,2,1,7.0,3,3.0,269719.0
2094.0,3,2,19.0,8,1.0,582458.0
2311.0,3,3,34.0,2,1.0,328164.0
2235.0,3,2,23.0,1,3.0,322135.0
2271.0,4,3,50.0,7,0.0,530803.0
2018.0,2,1,41.0,1,2.0,238364.0
1757.0,2,1,13.0,2,1.0,259073.0
1435.0,1,1,32.0,4,1.0,294061.0
661.0,1,1,47.0,6,2.0,244992.0
2004.0,2,1,53.0,1,3.0,224044.0
1912.0,3,2,24.0,2,1.0,307474.0
2135.0,5,3,55.0,4,2.0,402136.0
997.0,3,2,2.0,8,0.0,419218.0
2187.0,2,2,41.0,1,0.0,267589.0
3033.0,5,4,47.0,3,2.0,515484.0
1847.0,2,1,26.0,2,2.0,304456.0
1763.0,2,2,1.0,4,0.0,402551.0
1985.0,3,1,41.0,3,3.0,337003.0
3019.0,6,3,21.0,7,1.0,759020.0
1186.0,2,1,9.0,1,1.0,212325.0
1922.0,3,3,,10,1.0,652368.0
1320.0,3,2,46.0,3,1.0,242859.0
1472.0,1,1,11.0,10,2.0,521953.0
1770.0,2,1,29.0,8,,488569.0
2608.0,4,3,58.0,4,0.0,467577.0
2881.0,5,3,46.0,4,3.0,573774.0
2069.0,3,3,33.0,10,2.0,658411.0
1574.0,3,2,32.0,10,1.0,561603.0
3296.0,5,4,10.0,7,3.0,806072.0
1543.0,3,2,27.0,1,3.0,271184.0
1457.0,3,2,9.0,10,2.0,565445.0
735.0,1,1,5.0,5,2.0,313233.0
2638.0,4,4,7.0,1,3.0,425752.0
2381.0,4,2,36.0,9,3.0,653932.0
3251.0,6,5,12.0,1,1.0,499387.0
966.0,1,1,9.0,4,2.0,253800.0
2675.0,4,3,52.0,1,0.0,334589.0
1842.0,4,3,7.0,5,,448594.0
2284.0,3,2,42.0,9,0.0,613701.0
811.0,3,3,25.0,2,0.0,187402.0
2681.0,4,3,35.0,2,2.0,438825.0
2272.0,4,4,1.0,10,1.0,763949.0
1777.0,2,1,0.0,2,0.0,322113.0
2187.0,5,3,49.0,2,3.0,343229.0
1341.0,2,1,29.0,6,3.0,381199.0
1452.0,2,1,4.0,3,0.0,258418.0
1522.0,2,1,21.0,10,2.0,551530.0
688.0,1,1,30.0,2,1.0,129737.0
2317.0,4,3,8.0,6,3.0,596440.0
2515.0,4,2,33.0,10,2.0,708439.0
1379.0,1,1,32.0,8,1.0,417030.0
2009.0,3,2,36.0,1,3.0,278283.0
1641.0,3,3,49.0,2,2.0,254266.0
1997.0,4,2,25.0,2,0.0,329009.0
1423.0,3,2,53.0,10,1.0,496158.0
1270.0,2,1,28.0,3,3.0,261050.0
2431.0,5,4,27.0,1,2.0,368152.0
1762.0,2,2,39.0,4,0.0,345580.0
3013.0,6,4,37.0,3,3.0,554253.0
1828.0,3,1,1.0,2,1.0,317891.0
1244.0,1,1,59.0,5,0.0,288419.0
2536.0,4,3,57.0,10,3.0,709123.0
2178.0,5,4,17.0,3,3.0,467392.0
2236.0,4,2,34.0,10,2.0,668855.0
2514.0,5,4,46.0,7,2.0,626723.0
1408.0,2,1,55.0,4,0.0,256597.0
1724.0,4,2,35.0,7,2.0,464372.0
1697.0,2,1,1.0,4,3.0,390939.0
1026.0,2,2,41.0,3,0.0,221844.0
1642.0,3,2,6.0,3,3.0,347961.0
2602.0,5,4,40.0,1,0.0,363860.0
1942.0,3,2,35.0,7,1.0,500716.0
992.0,1,1,38.0,1,0.0,105438.0
866.0,2,1,11.0,2,1.0,156185.0
2799.0,6,4,30.0,1,2.0,434113.0
1746.0,3,2,37.0,1,3.0,250210.0
1412.0,1,1,18.0,10,0.0,529598.0
1636.0,3,2,11.0,1,3.0,279752.0
914.0,1,1,13.0,7,3.0,363395.0
2654.0,4,3,51.0,4,0.0,464724.0
1564.0,3,3,28.0,2,3.0,276995.0
2620.0,4,2,40.0,3,3.0,465732.0
1831.0,3,2,31.0,1,0.0,236265.0
2658.0,4,3,50.0,4,0.0,455734.0
1954.0,4,3,31.0,9,2.0,631340.0
2312.0,4,3,6.0,7,1.0,619134.0
2231.0,3,3,12.0,9,1.0,665337.0
2174.0,3,2,1.0,7,1.0,588155.0
2009.0,3,2,50.0,10,1.0,612920.0
1660.0,2,1,40.0,2,3.0,251745.0
2949.0,4,2,46.0,2,0.0,416613.0
1256.0,3,2,43.0,5,0.0,280282.0
1803.0,3,1,49.0,6,3.0,424665.0
1809.0,3,2,59.0,8,3.0,508326.0
2041.0,4,3,39.0,2,3.0,350829.0
1542.0,3,3,15.0,2,3.0,275008.0
1989.0,4,3,6.0,8,0.0,595363.0
1699.0,3,3,35.0,6,3.0,432343.0
851.0,1,1,46.0,5,1.0,238427.0
1806.0,3,2,34.0,3,1.0,315308.0
1140.0,2,1,18.0,7,1.0,396901.0
759.0,1,2,43.0,9,3.0,352720.0
1882.0,3,2,27.0,1,2.0,277672.0
2093.0,4,3,17.0,1,0.0,313407.0
2116.0,4,3,50.0,8,0.0,592789.0
2140.0,5,3,35.0,9,2.0,662129.0
640.0,2,2,17.0,3,3.0,224128.0
983.0,2,2,20.0,8,2.0,437731.0
2984.0,5,4,34.0,9,3.0,809633.0
1172.0,1,1,25.0,2,0.0,179991.0
2167.0,3,2,10.0,2,1.0,359171.0
1388.0,1,1,37.0,2,2.0,212753.0
1848.0,3,2,41.0,8,3.0,487932.0
1420.0,2,2,0.0,8,1.0,497395.0
2137.0,4,3,32.0,2,2.0,358116.0
1882.0,4,2,35.0,2,0.0,286766.0
1531.0,3,2,20.0,7,2.0,441748.0
1170.0,4,3,20.0,9,3.0,506632.0
1961.0,3,2,19.0,8,3.0,557333.0
1072.0,1,1,27.0,2,1.0,201890.0
2056.0,3,3,49.0,4,1.0,379144.0
3376.0,5,4,28.0,1,3.0,461675.0
2610.0,5,3,60.0,3,2.0,418982.0
2231.0,3,2,23.0,6,1.0,529657.0
1749.0,3,2,42.0,4,1.0,343007.0
637.0,1,1,33.0,7,2.0,267616.0
1007.0,1,1,46.0,3,2.0,171722.0
2570.0,5,4,53.0,6,2.0,565417.0
1326.0,3,1,31.0,7,0.0,380457.0
1380.0,3,2,30.0,2,0.0,208467.0
1701.0,3,2,57.0,1,0.0,186802.0
1163.0,3,2,56.0,4,0.0,211836.0
1064.0,1,1,60.0,1,1.0,104660.0
1770.0,2,1,9.0,2,1.0,311507.0
1265.0,1,1,0.0,3,1.0,259872.0
1355.0,2,2,26.0,4,3.0,310820.0
1331.0,3,2,44.0,3,0.0,230023.0
2113.0,3,2,4.0,1,3.0,341635.0
1661.0,2,2,22.0,2,0.0,269495.0
1693.0,3,2,35.0,9,2.0,550098.0
2158.0,4,3,13.0,8,3.0,647060.0
1715.0,3,3,44.0,5,3.0,424408.0
1633.0,2,2,14.0,1,2.0,255333.0
2082.0,3,1,50.0,4,0.0,332451.0
2201.0,3,2,21.0,10,1.0,655532.0
1712.0,4,3,36.0,9,1.0,580305.0
1848.0,3,3,33.0,8,3.0,561129.0
1331.0,2,1,18.0,3,1.0,267465.0
1284.0,3,2,26.0,5,3.0,362495.0
2261.0,3,2,51.0,1,3.0,291180.0
2067.0,4,3,33.0,9,0.0,615986.0
2073.0,4,3,3.0,2,3.0,393817.0
1969.0,3,2,43.0,7,2.0,512616.0
1828.0,2,1,11.0,3,2.0,339611.0
2218.0,5,4,29.0,6,1.0,531779.0
2361.0,4,3,28.0,9,1.0,648841.0
2347.0,4,3,29.0,4,2.0,465432.0
1740.0,4,3,2.0,1,0.0,313853.0
2632.0,5,3,16.0,7,2.0,659204.0
1937.0,4,4,3.0,6,2.0,523624.0
2179.0,3,2,25.0,2,0.0,336610.0
1969.0,4,3,37.0,1,0.0,259138.0
1948.0,2,1,39.0,6,2.0,463132.0
1359.0,3,2,4.0,7,2.0,478687.0
2221.0,4,2,7.0,2,1.0,362399.0
3507.0,6,3,40.0,6,3.0,728414.0
1575.0,3,3,32.0,5,2.0,379171.0
1843.0,3,2,50.0,2,2.0,254438.0
1532.0,2,2,12.0,7,0.0,450025.0
1507.0,3,1,7.0,7,2.0,480837.0
2727.0,6,4,22.0,2,3.0,477468.0
1396.0,2,2,38.0,7,0.0,383450.0
1516.0,3,3,29.0,3,2.0,279454.0
848.0,2,1,6.0,6,0.0,300821.0
1345.0,2,2,4.0,9,0.0,514857.0
775.0,1,1,41.0,10,0.0,350121.0
2179.0,3,2,18.0,3,3.0,430150.0
3480.0,5,4,40.0,4,3.0,624565.0
1580.0,1,1,18.0,1,0.0,207186.0
800.0,2,2,19.0,10,2.0,439513.0
2340.0,4,3,13.0,4,2.0,474415.0
1364.0,2,1,59.0,9,2.0,439800.0
2580.0,3,3,1.0,10,2.0,786130.0
1631.0,1,1,8.0,5,3.0,390845.0
1421.0,2,1,50.0,7,0.0,329350.0
1693.0,4,3,8.0,5,0.0,452560.0
2255.0,3,3,17.0,6,0.0,531822.0
1664.0,3,3,16.0,3,3.0,376591.0
1502.0,2,1,42.0,9,0.0,472631.0
1681.0,3,2,25.0,2,0.0,288178.0
1037.0,3,2,50.0,7,2.0,336162.0
2038.0,3,2,45.0,10,1.0,595373.0
728.0,1,1,32.0,9,2.0,372832.0
1534.0,4,3,,8,1.0,522825.0
2256.0,4,3,48.0,7,0.0,527917.0
1982.0,4,3,52.0,10,2.0,636081.0
2154.0,3,3,50.0,9,0.0,594878.0
1761.0,4,3,3.0,3,1.0,391492.0
2502.0,4,3,42.0,7,3.0,592968.0
2355.0,4,3,42.0,5,0.0,489364.0
2068.0,4,3,57.0,3,0.0,331135.0
2357.0,4,3,16.0,9,3.0,725821.0
2250.0,4,3,47.0,1,1.0,310024.0
1536.0,2,2,41.0,2,1.0,241186.0
994.0,2,1,53.0,2,2.0,142101.0
2052.0,3,3,42.0,3,0.0,354300.0
2128.0,2,2,51.0,6,0.0,458850.0
2454.0,3,2,22.0,10,3.0,748281.0
1238.0,1,2,,10,3.0,538999.0
1256.0,3,1,22.0,10,3.0,534198.0
2076.0,3,2,49.0,8,0.0,518622.0
1757.0,3,2,8.0,5,2.0,462690.0
669.0,1,2,38.0,8,3.0,306475.0
2025.0,3,2,59.0,3,3.0,330216.0
689.0,1,1,54.0,7,1.0,242639.0
1233.0,2,1,40.0,1,1.0,138415.0
2611.0,2,1,48.0,10,0.0,684448.0
2895.0,5,3,7.0,10,0.0,820768.0
1071.0,2,1,30.0,8,1.0,417497.0
1602.0,4,2,32.0,2,0.0,239162.0
1826.0,4,3,47.0,3,3.0,327959.0
2869.0,4,3,17.0,8,0.0,704117.0
1504.0,2,1,6.0,5,2.0,390537.0
1514.0,1,1,42.0,6,2.0,379262.0
2729.0,6,4,30.0,5,0.0,580950.0
1575.0,3,2,51.0,9,1.0,512885.0
2233.0,4,3,29.0,2,3.0,367517.0
914.0,2,2,51.0,5,0.0,241341.0
1697.0,4,4,30.0,3,0.0,331663.0
804.0,2,2,47.0,7,0.0,291129.0
1167.0,3,3,43.0,3,0.0,245506.0
2304.0,4,4,16.0,3,3.0,436528.0
1770.0,3,1,19.0,2,0.0,309305.0
1609.0,3,1,54.0,9,1.0,477697.0
1351.0,3,2,14.0,3,3.0,286829.0
1668.0,3,2,42.0,9,3.0,527159.0
1981.0,3,2,9.0,10,0.0,652805.0
2390.0,5,4,45.0,10,1.0,705404.0
400.0,2,1,13.0,4,0.0,143382.0
1301.0,2,1,36.0,7,0.0,369204.0
1895.0,3,2,34.0,9,3.0,575954.0
1741.0,3,2,12.0,1,1.0,278723.0
2042.0,4,3,29.0,1,2.0,291346.0
1961.0,3,2,53.0,3,0.0,337431.0
1617.0,4,3,41.0,10,1.0,578094.0
1484.0,3,2,60.0,1,1.0,170096.0
1653.0,3,2,47.0,8,2.0,490021.0
2489.0,5,4,39.0,9,3.0,689373.0
1361.0,2,1,34.0,10,0.0,480916.0
1762.0,3,2,56.0,6,2.0,433997.0
1910.0,2,2,32.0,6,1.0,443058.0
2736.0,4,3,24.0,8,3.0,714346.0
1620.0,2,1,50.0,7,1.0,397243.0
2375.0,4,3,56.0,8,1.0,614218.0
2539.0,5,4,29.0,4,2.0,511056.0
1762.0,3,2,8.0,10,1.0,605762.0
1674.0,3,3,37.0,5,3.0,444542.0
1603.0,3,1,44.0,3,0.0,238559.0
1647.0,2,2,22.0,8,1.0,498765.0
2313.0,4,2,45.0,7,0.0,523449.0
1939.0,4,3,32.0,1,0.0,262400.0
1941.0,2,1,18.0,2,0.0,277905.0
1125.0,2,1,38.0,1,1.0,130400.0
1220.0,1,1,23.0,6,0.0,346380.0
3086.0,5,3,47.0,9,3.0,762074.0
1693.0,2,2,0.0,4,2.0,415774.0
1335.0,3,2,49.0,2,3.0,236696.0
2659.0,4,4,18.0,9,3.0,775712.0
1969.0,2,1,58.0,8,3.0,504995.0
2147.0,4,4,46.0,6,1.0,505612.0
1717.0,3,1,14.0,2,3.0,328825.0
1609.0,2,1,59.0,7,1.0,362881.0
1698.0,3,2,30.0,4,3.0,380441.0
970.0,1,1,31.0,3,0.0,170467.0
1747.0,2,1,55.0,3,3.0,292502.0
1978.0,3,1,55.0,1,1.0,210744.0
2910.0,5,3,42.0,5,2.0,589003.0
1852.0,4,2,59.0,8,1.0,469889.0
400.0,1,1,20.0,9,0.0,282211.0
1744.0,3,3,14.0,8,1.0,545856.0
3444.0,4,3,2.0,9,2.0,921349.0
2320.0,4,3,21.0,10,0.0,718944.0
1313.0,3,2,36.0,3,0.0,254001.0
2155.0,4,2,18.0,5,3.0,510603.0
1355.0,3,2,35.0,4,0.0,283115.0
988.0,1,1,3.0,7,2.0,388837.0
1591.0,2,1,21.0,9,1.0,509729.0
1855.0,4,3,45.0,9,1.0,561010.0
677.0,1,1,6.0,1,1.0,123684.0
1111.0,1,1,43.0,6,1.0,286523.0
1806.0,4,2,46.0,2,2.0,280341.0
1555.0,2,2,34.0,4,3.0,332552.0
2037.0,3,3,53.0,5,1.0,404065.0
1071.0,3,2,57.0,7,0.0,319183.0
2228.0,4,3,2.0,8,0.0,643353.0
1090.0,2,1,41.0,10,2.0,433302.0
2786.0,4,3,14.0,4,3.0,565586.0
771.0,3,2,24.0,6,0.0,285161.0
1144.0,2,1,37.0,1,2.0,154177.0
2050.0,4,3,43.0,2,0.0,299621.0
2799.0,5,3,50.0,10,0.0,772587.0
1989.0,3,2,42.0,10,3.0,644472.0
2138.0,3,2,47.0,10,1.0,614219.0
1811.0,4,3,36.0,3,1.0,346683.0
1184.0,3,2,7.0,7,0.0,435162.0
1506.0,1,1,1.0,3,3.0,308045.0
1073.0,2,2,32.0,7,3.0,365062.0
1033.0,2,1,43.0,5,3.0,286146.0
2041.0,3,2,7.0,10,0.0,644862.0
1126.0,2,2,26.0,4,0.0,252221.0
1992.0,2,2,15.0,7,3.0,528064.0
1019.0,1,1,34.0,7,2.0,349100.0
1978.0,3,3,23.0,8,1.0,560638.0
1507.0,2,2,12.0,1,0.0,220543.0
2644.0,4,3,0.0,5,3.0,593935.0
1994.0,3,2,19.0,5,3.0,482888.0
2541.0,5,3,31.0,3,0.0,425857.0
1347.0,3,2,,9,1.0,424794.0
1834.0,4,3,14.0,9,1.0,587074.0
1211.0,2,2,31.0,1,1.0,181381.0
1552.0,2,1,34.0,7,1.0,429392.0
1643.0,4,3,39.0,9,1.0,558680.0
1364.0,2,2,20.0,3,1.0,258677.0
1071.0,2,1,6.0,7,3.0,401324.0
952.0,2,2,55.0,7,3.0,361613.0
400.0,1,1,57.0,1,0.0,30000.0
1166.0,2,1,,9,2.0,441773.0
2176.0,4,3,35.0,8,2.0,600993.0
841.0,2,1,,3,1.0,233597.0
979.0,2,1,3.0,4,0.0,274384.0
2875.0,6,4,5.0,8,3.0,784534.0
1418.0,2,1,44.0,9,1.0,446776.0
1993.0,3,2,14.0,1,0.0,281741.0
2185.0,5,4,11.0,4,3.0,492339.0
2198.0,3,3,1.0,7,3.0,597075.0
887.0,1,1,1.0,2,1.0,218833.0
1661.0,3,1,24.0,10,1.0,565266.0
829.0,3,1,33.0,3,1.0,180358.0
3268.0,6,4,35.0,9,0.0,826666.0
843.0,2,1,27.0,1,0.0,112080.0
1171.0,1,1,28.0,9,1.0,437565.0
1176.0,2,2,45.0,1,1.0,138938.0
902.0,1,1,17.0,7,0.0,344694.0
2612.0,5,4,14.0,4,0.0,537975.0
3253.0,4,3,51.0,5,3.0,611057.0
1515.0,2,1,41.0,2,3.0,224336.0
1008.0,2,3,29.0,7,1.0,382990.0
458.0,2,1,17.0,7,2.0,283685.0
1654.0,3,2,8.0,4,0.0,350995.0
1610.0,3,2,2.0,5,3.0,452716.0
1409.0,3,3,51.0,6,3.0,373319.0
1933.0,3,3,36.0,7,0.0,508844.0
2037.0,3,2,3.0,6,0.0,471188.0
1994.0,4,2,10.0,1,1.0,303774.0
1610.0,3,3,17.0,6,0.0,454960.0
1139.0,3,2,16.0,4,1.0,297703.0
2199.0,4,4,33.0,5,2.0,505332.0
1808.0,2,1,24.0,4,2.0,350743.0
2333.0,4,3,53.0,4,0.0,418338.0
2274.0,4,3,43.0,3,1.0,387628.0
947.0,1,1,55.0,4,3.0,207048.0
939.0,1,1,52.0,8,3.0,371951.0
1347.0,2,1,55.0,3,2.0,239485.0
1166.0,3,2,59.0,8,2.0,397608.0
2253.0,3,2,19.0,5,0.0,486989.0
2011.0,3,3,13.0,7,3.0,555535.0
2460.0,4,3,10.0,2,1.0,411052.0
2038.0,5,3,38.0,3,2.0,358875.0
1925.0,4,4,41.0,10,1.0,615706.0
2520.0,3,3,5.0,9,0.0,704482.0
2082.0,4,3,49.0,1,2.0,281575.0
1841.0,4,4,47.0,10,2.0,602095.0
2688.0,4,3,38.0,9,2.0,721244.0
1869.0,1,1,26.0,2,3.0,289708.0
1617.0,3,2,9.0,3,3.0,335463.0
1297.0,3,2,30.0,2,1.0,249118.0
2222.0,5,3,10.0,9,1.0,666540.0
2542.0,4,2,36.0,9,0.0,687648.0
1770.0,4,3,19.0,8,3.0,536346.0
2585.0,3,2,15.0,3,0.0,438247.0
618.0,1,1,26.0,10,0.0,348096.0
1767.0,3,2,35.0,9,2.0,545471.0
1776.0,4,3,22.0,9,3.0,632416.0
1364.0,3,3,58.0,4,1.0,271571.0
3230.0,6,5,0.0,8,0.0,825772.0
1760.0,2,2,55.0,7,0.0,428335.0
1555.0,3,2,0.0,2,3.0,315374.0
1816.0,3,2,13.0,6,2.0,481897.0
598.0,1,1,60.0,6,1.0,180591.0
1344.0,1,1,44.0,6,3.0,332246.0
2390.0,5,3,39.0,4,0.0,437945.0
1423.0,2,1,44.0,7,2.0,404272.0
1303.0,1,1,24.0,9,1.0,455290.0
2586.0,4,3,47.0,7,0.0,570848.0
2604.0,5,4,9.0,9,3.0,782983.0
2110.0,3,3,48.0,8,3.0,573572.0
1527.0,1,1,56.0,4,3.0,288222.0
1656.0,4,3,51.0,8,0.0,469921.0
1318.0,3,2,44.0,7,2.0,395172.0
1203.0,2,1,39.0,10,1.0,469335.0
1173.0,2,1,31.0,4,1.0,244542.0
1429.0,3,2,24.0,2,0.0,255631.0
1179.0,1,1,52.0,7,2.0,335455.0
862.0,2,1,39.0,7,3.0,307009.0
1932.0,2,2,26.0,7,0.0,474038.0
1941.0,3,2,47.0,8,2.0,524687.0
2820.0,4,3,3.0,6,2.0,652967.0
1399.0,2,2,49.0,1,,186103.0
1978.0,4,2,49.0,9,1.0,563591.0
1988.0,3,2,14.0,3,0.0,370010.0
1648.0,3,3,2.0,3,3.0,366215.0
2247.0,2,1,43.0,9,2.0,601663.0
2265.0,3,1,12.0,8,2.0,637603.0
1996.0,4,3,60.0,6,2.0,453194.0
1647.0,3,3,1.0,7,1.0,505550.0
1585.0,1,1,14.0,1,1.0,206903.0
979.0,2,1,3.0,3,2.0,250530.0
1316.0,2,3,47.0,3,3.0,282088.0
1427.0,3,1,35.0,5,1.0,311826.0
1126.0,1,1,51.0,4,0.0,205635.0
2064.0,2,1,58.0,1,0.0,182716.0
2518.0,3,2,37.0,7,2.0,583080.0
1255.0,1,1,14.0,6,0.0,354172.0
1970.0,4,3,6.0,4,3.0,438274.0
1180.0,1,1,52.0,9,1.0,389848.0
1617.0,2,1,15.0,4,,347536.0
1386.0,3,2,54.0,2,0.0,194059.0
2161.0,4,3,53.0,9,1.0,608988.0
1393.0,3,2,38.0,2,2.0,220327.0
2407.0,3,2,36.0,1,3.0,332564.0
1653.0,2,2,57.0,5,2.0,334920.0
1410.0,3,2,45.0,6,2.0,383070.0
1048.0,2,1,41.0,3,1.0,158984.0
1952.0,3,2,26.0,9,1.0,585784.0
2337.0,3,3,29.0,3,3.0,428119.0
1964.0,3,3,23.0,10,2.0,677621.0
3143.0,4,3,57.0,7,3.0,684538.0
2658.0,5,3,38.0,2,2.0,420100.0
1615.0,5,4,47.0,5,0.0,389232.0
1609.0,3,2,2.0,1,1.0,287440.0
2082.0,3,2,51.0,9,1.0,568220.0
1297.0,1,1,25.0,7,1.0,363597.0
2500.0,3,2,44.0,5,3.0,475082.0
2017.0,4,3,2.0,7,1.0,586547.0
1954.0,3,2,54.0,7,0.0,463356.0
2212.0,3,2,40.0,6,2.0,493107.0
2834.0,5,4,27.0,4,1.0,539465.0
1903.0,4,3,18.0,4,0.0,410714.0
1732.0,3,3,19.0,3,3.0,367342.0
2705.0,4,3,18.0,8,3.0,726587.0
2381.0,4,3,8.0,5,3.0,539710.0
1607.0,2,1,28.0,5,1.0,333515.0
1803.0,3,2,27.0,8,3.0,529671.0
1917.0,3,2,25.0,6,1.0,447115.0
2017.0,3,2,42.0,10,3.0,613846.0
986.0,3,2,25.0,3,3.0,271254.0
875.0,2,1,5.0,1,0.0,115995.0
1268.0,3,3,51.0,5,1.0,317066.0
1221.0,1,1,26.0,6,2.0,358871.0
1414.0,3,3,39.0,9,0.0,500208.0
2181.0,3,2,56.0,7,3.0,522670.0
1699.0,3,2,46.0,10,2.0,585629.0
1918.0,4,3,32.0,1,0.0,297239.0
1065.0,2,2,33.0,6,3.0,336457.0
1523.0,4,3,51.0,9,0.0,499984.0
2152.0,5,3,49.0,6,1.0,512829.0
2157.0,4,2,11.0,3,0.0,386667.0
1365.0,3,2,38.0,8,0.0,426996.0
1897.0,4,2,52.0,9,2.0,549721.0
3119.0,4,2,48.0,3,0.0,474147.0
1789.0,4,3,7.0,6,2.0,476223.0
1384.0,2,1,26.0,9,0.0,489525.0
1696.0,2,1,31.0,2,3.0,279419.0
1855.0,3,2,15.0,1,3.0,304529.0
1709.0,4,2,41.0,8,1.0,462072.0
1781.0,2,2,29.0,8,1.0,495296.0
934.0,1,1,18.0,2,2.0,203305.0
1222.0,2,1,20.0,6,2.0,359751.0
1710.0,3,2,51.0,8,0.0,439819.0
1701.0,3,2,52.0,10,3.0,569494.0
1460.0,5,3,49.0,9,3.0,531127.0
1694.0,3,1,55.0,3,1.0,271304.0
1837.0,3,2,57.0,6,2.0,414446.0
2334.0,3,2,30.0,8,0.0,612805.0
1740.0,3,2,6.0,3,2.0,353190.0
2039.0,3,2,,2,2.0,306859.0
1475.0,3,2,38.0,5,1.0,348525.0
2143.0,4,3,23.0,8,1.0,603098.0
2025.0,3,2,59.0,6,0.0,417465.0
2319.0,5,4,20.0,7,3.0,628334.0
2228.0,3,2,54.0,7,0.0,502140.0
2153.0,4,3,36.0,10,2.0,673619.0
1741.0,3,2,2.0,7,3.0,543628.0
1947.0,4,3,52.0,2,0.0,275494.0
2438.0,5,4,46.0,5,0.0,523844.0
1409.0,3,3,39.0,2,3.0,247688.0
1423.0,3,2,37.0,8,3.0,482135.0
1909.0,3,2,13.0,10,0.0,647478.0
2049.0,4,3,13.0,8,1.0,607730.0
1306.0,3,2,2.0,3,2.0,315319.0
1755.0,4,3,9.0,7,2.0,524325.0
1744.0,2,1,20.0,1,2.0,238548.0
471.0,1,1,32.0,3,1.0,128585.0
1668.0,3,3,8.0,4,2.0,400835.0
1706.0,1,1,33.0,5,0.0,367086.0
1704.0,3,2,16.0,4,3.0,384517.0
2650.0,5,4,15.0,5,2.0,588589.0
1071.0,1,1,57.0,1,1.0,70765.0
1305.0,2,1,60.0,9,1.0,422673.0
400.0,1,1,49.0,4,1.0,129398.0
1511.0,2,1,3.0,9,1.0,546960.0
1563.0,2,1,44.0,1,0.0,186810.0
1494.0,2,1,11.0,9,2.0,538350.0
2465.0,4,3,34.0,7,0.0,600147.0
2316.0,4,2,54.0,3,1.0,373599.0
1847.0,3,2,23.0,8,3.0,567787.0
1578.0,4,3,56.0,8,2.0,447695.0
2416.0,4,3,43.0,8,3.0,619731.0
1788.0,3,2,18.0,9,2.0,565284.0
1309.0,2,1,6.0,10,3.0,567583.0
770.0,1,1,49.0,2,0.0,84696.0
1535.0,1,1,27.0,3,2.0,268637.0
2253.0,3,3,4.0,1,1.0,352448.0
3166.0,4,4,6.0,1,0.0,447601.0
1837.0,3,1,58.0,2,0.0,234822.0
1341.0,3,2,15.0,7,0.0,393376.0
1089.0,1,1,58.0,7,0.0,276866.0
2131.0,3,2,41.0,1,1.0,273678.0
741.0,1,1,18.0,5,0.0,218115.0
2130.0,3,1,23.0,2,3.0,363847.0
2291.0,5,4,47.0,2,2.0,371696.0
2062.0,3,2,26.0,1,3.0,320173.0
1668.0,3,1,4.0,6,0.0,446897.0
2139.0,5,3,14.0,1,0.0,330945.0
1903.0,3,2,52.0,8,3.0,506726.0
1333.0,2,1,42.0,10,1.0,494547.0
2910.0,5,4,30.0,9,3.0,805859.0
1589.0,2,1,15.0,9,0.0,549366.0
2265.0,4,2,28.0,8,0.0,608296.0
400.0,1,1,47.0,10,1.0,300539.0
2566.0,3,2,5.0,9,2.0,735665.0
2681.0,5,3,60.0,3,0.0,419500.0
1818.0,3,2,52.0,7,0.0,459780.0
2135.0,4,4,19.0,4,0.0,469418.0
2135.0,4,3,52.0,9,0.0,589710.0
1414.0,3,3,41.0,1,3.0,199291.0
2128.0,3,2,40.0,5,3.0,425112.0
1315.0,3,2,8.0,4,0.0,307117.0
1435.0,2,2,54.0,9,1.0,446463.0
2476.0,3,2,27.0,3,1.0,439993.0
2385.0,2,1,48.0,9,0.0,621933.0
1376.0,2,1,18.0,5,2.0,366042.0
1360.0,2,2,18.0,7,3.0,461176.0
1413.0,3,1,58.0,6,2.0,330687.0
2240.0,2,2,30.0,5,3.0,452870.0
1200.0,2,2,4.0,4,2.0,309702.0
2014.0,4,3,50.0,3,2.0,322270.0
2248.0,3,2,14.0,7,3.0,574987.0
1747.0,3,2,53.0,4,2.0,325009.0
2406.0,4,2,55.0,9,3.0,649585.0
1617.0,3,2,4.0,2,3.0,324306.0
1672.0,3,2,35.0,3,0.0,283171.0
1214.0,3,2,59.0,1,2.0,154858.0
2410.0,4,3,56.0,9,2.0,639183.0
1340.0,2,1,32.0,5,1.0,316751.0
2010.0,3,2,41.0,1,2.0,249010.0
1757.0,3,3,36.0,1,3.0,281142.0
1168.0,1,1,12.0,10,0.0,480873.0
1435.0,2,1,39.0,9,2.0,485022.0
2630.0,4,2,20.0,3,3.0,455397.0
1921.0,3,2,20.0,7,,517608.0
1195.0,1,1,25.0,3,1.0,237045.0
1983.0,2,1,51.0,9,0.0,498054.0
1712.0,3,2,14.0,8,1.0,548017.0
3872.0,6,4,15.0,5,1.0,745839.0
1971.0,2,1,0.0,10,3.0,673234.0
1572.0,3,2,9.0,3,0.0,346532.0
2652.0,5,4,59.0,10,2.0,762664.0
695.0,2,1,26.0,3,0.0,139611.0
1857.0,3,2,12.0,9,3.0,610877.0
2997.0,4,2,58.0,9,1.0,740009.0
1730.0,3,1,2.0,6,1.0,450328.0
760.0,1,1,29.0,2,3.0,146822.0
1562.0,3,2,48.0,8,2.0,458978.0
2673.0,4,1,46.0,7,0.0,585847.0
2026.0,3,2,11.0,9,1.0,601709.0
1297.0,2,1,42.0,3,1.0,233408.0
1389.0,3,2,37.0,3,2.0,262950.0
1464.0,3,3,41.0,4,,333506.0
2017.0,3,2,16.0,4,2.0,420905.0
2603.0,6,4,49.0,1,1.0,370445.0
2431.0,4,3,34.0,2,2.0,387266.0
2074.0,4,3,44.0,5,3.0,480967.0
1001.0,1,1,56.0,10,0.0,401011.0
1003.0,2,2,51.0,2,2.0,147936.0
2120.0,4,3,47.0,3,2.0,391339.0
993.0,1,1,17.0,9,2.0,432143.0
1665.0,4,3,3.0,1,0.0,287188.0
1982.0,4,3,34.0,1,0.0,287635.0
1117.0,1,1,2.0,9,1.0,445571.0
1185.0,2,1,,3,1.0,187488.0
1744.0,4,3,44.0,4,3.0,375070.0
2102.0,4,2,34.0,1,2.0,285737.0
2437.0,3,3,10.0,5,3.0,584286.0
2164.0,4,3,53.0,10,0.0,624915.0
1844.0,3,2,36.0,10,3.0,615084.0
1352.0,2,2,31.0,7,0.0,397883.0
1157.0,4,2,34.0,7,2.0,413333.0
1493.0,3,2,5.0,7,1.0,457518.0
2046.0,3,2,44.0,7,3.0,491811.0
2002.0,4,3,4.0,6,2.0,561209.0
540.0,1,1,35.0,3,1.0,130828.0
1329.0,3,2,10.0,9,2.0,533102.0
2523.0,3,2,12.0,9,2.0,726622.0
1848.0,3,2,14.0,2,2.0,341906.0
950.0,2,2,1.0,1,2.0,189032.0
3213.0,6,4,54.0,8,2.0,754920.0
1783.0,2,1,48.0,1,3.0,187884.0
2031.0,3,3,2.0,9,0.0,627160.0
2040.0,4,3,3.0,10,1.0,700232.0
1579.0,2,1,47.0,1,3.0,185143.0
1363.0,2,1,0.0,8,1.0,459240.0
3073.0,6,4,28.0,2,3.0,512662.0
2402.0,4,3,6.0,3,2.0,488600.0
2293.0,2,2,35.0,6,1.0,498438.0
2146.0,3,3,60.0,7,1.0,484200.0
1198.0,2,1,10.0,1,1.0,208054.0
2567.0,3,2,57.0,2,0.0,320062.0
1294.0,2,2,52.0,3,1.0,242823.0
1970.0,2,1,59.0,7,2.0,448993.0
816.0,3,2,46.0,5,3.0,261787.0
575.0,2,2,51.0,3,3.0,171513.0
1991.0,3,2,36.0,2,1.0,281630.0
1315.0,2,1,52.0,10,3.0,464798.0
606.0,1,1,7.0,8,1.0,333350.0
2124.0,3,2,44.0,10,3.0,647980.0
3072.0,6,4,38.0,5,3.0,675711.0
2634.0,4,2,4.0,9,1.0,729655.0
1646.0,3,2,17.0,7,2.0,467128.0
1805.0,2,2,13.0,6,3.0,464992.0
2333.0,5,3,24.0,5,0.0,510102.0
2473.0,2,1,12.0,6,0.0,546439.0
1594.0,2,1,16.0,5,2.0,374554.0
1821.0,3,2,18.0,7,0.0,494108.0
1980.0,3,2,36.0,5,3.0,467378.0
2132.0,4,2,8.0,10,1.0,695968.0
1720.0,4,3,14.0,9,1.0,594895.0
1728.0,2,1,19.0,5,3.0,436755.0
2628.0,6,4,27.0,4,2.0,527182.0
2526.0,3,2,2.0,8,3.0,683657.0
2086.0,4,3,60.0,7,2.0,502027.0
2831.0,5,4,18.0,3,2.0,517449.0
1568.0,2,2,17.0,9,2.0,514337.0
2774.0,4,2,33.0,7,3.0,653218.0
2126.0,4,3,51.0,7,3.0,540906.0
3763.0,6,3,27.0,8,0.0,859266.0
1085.0,1,1,15.0,3,2.0,242092.0
1386.0,2,1,34.0,8,3.0,450860.0
2051.0,3,3,29.0,2,2.0,320980.0
2038.0,3,2,25.0,8,1.0,569834.0
2970.0,4,3,59.0,6,3.0,616498.0
1399.0,2,2,60.0,6,1.0,307297.0
2343.0,4,3,34.0,8,0.0,633141.0
2497.0,4,3,4.0,4,1.0,499061.0
2223.0,4,2,34.0,8,0.0,563160.0
1223.0,3,2,57.0,1,2.0,153397.0
2645.0,3,2,56.0,7,3.0,597060.0
2538.0,5,3,13.0,8,1.0,702169.0
2160.0,4,3,11.0,1,2.0,356475.0
1923.0,4,2,9.0,7,3.0,550000.0
1936.0,4,3,49.0,8,1.0,535016.0
1753.0,3,2,29.0,6,3.0,450688.0
2184.0,4,2,20.0,7,0.0,556582.0
1819.0,3,2,19.0,1,2.0,277531.0
1291.0,3,3,17.0,10,0.0,526396.0
1171.0,1,1,53.0,10,3.0,441362.0
1349.0,3,2,25.0,8,0.0,419859.0
1933.0,3,2,15.0,1,3.0,317180.0
1784.0,3,2,43.0,5,1.0,386723.0
1929.0,3,2,38.0,9,0.0,524756.0
2100.0,3,2,43.0,7,2.0,528597.0
1424.0,3,2,49.0,10,3.0,522785.0
2679.0,6,3,6.0,7,0.0,664156.0
1639.0,4,4,0.0,8,1.0,556581.0
1540.0,2,2,3.0,4,2.0,361537.0
2089.0,4,2,42.0,9,,573623.0
698.0,2,1,56.0,6,3.0,228950.0
1326.0,2,2,20.0,9,2.0,522974.0
2389.0,3,1,47.0,3,3.0,387859.0
758.0,1,1,44.0,3,1.0,174564.0
2471.0,5,3,59.0,1,3.0,332522.0
2707.0,3,3,28.0,7,1.0,643153.0
1578.0,2,1,10.0,8,1.0,482113.0
1975.0,4,3,46.0,3,1.0,342280.0
2471.0,4,3,49.0,4,2.0,454389.0
1520.0,4,3,42.0,6,0.0,404221.0
2321.0,3,2,52.0,8,2.0,577976.0
1397.0,4,3,22.0,4,3.0,366468.0
1513.0,1,1,41.0,5,0.0,315053.0
1320.0,1,1,16.0,2,3.0,235497.0
2006.0,3,1,27.0,9,3.0,597399.0
2495.0,3,2,15.0,9,0.0,676645.0
1690.0,3,2,9.0,8,2.0,559755.0
1037.0,2,2,2.0,9,1.0,463532.0
1150.0,2,1,40.0,8,2.0,396633.0
2037.0,3,1,53.0,9,1.0,549220.0
2906.0,5,2,19.0,5,0.0,598279.0
2036.0,3,4,26.0,3,1.0,356787.0
1568.0,3,2,0.0,10,0.0,599105.0
2260.0,4,3,25.0,1,1.0,310836.0
1656.0,2,2,17.0,5,3.0,419201.0
1573.0,1,1,34.0,8,3.0,466336.0
1225.0,2,1,55.0,8,0.0,340875.0
2645.0,4,4,30.0,7,2.0,656105.0
400.0,1,1,41.0,5,0.0,157863.0
2279.0,4,2,42.0,10,0.0,656962.0
1522.0,1,1,9.0,3,2.0,301748.0
1554.0,4,3,21.0,2,1.0,293511.0
2815.0,5,3,7.0,7,2.0,725053.0
1372.0,2,2,26.0,4,0.0,292133.0
1392.0,2,1,53.0,5,0.0,298575.0
1722.0,3,2,29.0,5,2.0,403018.0
2048.0,3,2,27.0,3,0.0,373080.0
1535.0,2,2,13.0,10,0.0,557923.0
856.0,2,1,19.0,4,3.0,243209.0
1281.0,1,1,56.0,7,2.0,328247.0
2569.0,3,3,18.0,2,3.0,428911.0
1845.0,2,1,44.0,10,2.0,561752.0
2071.0,4,2,3.0,10,1.0,713637.0
1643.0,3,2,8.0,1,2.0,259520.0
1404.0,3,1,19.0,7,3.0,433558.0
2807.0,4,3,54.0,6,2.0,591538.0
1687.0,3,2,13.0,2,1.0,317101.0
1534.0,2,1,44.0,8,3.0,466338.0
2458.0,3,3,10.0,8,2.0,691244.0
1367.0,3,2,37.0,9,3.0,494485.0
1443.0,2,1,35.0,7,,407844.0
1806.0,3,1,37.0,8,1.0,529024.0
1800.0,3,2,17.0,8,3.0,583254.0
1956.0,3,3,10.0,8,2.0,606761.0
3055.0,5,4,53.0,6,3.0,666129.0
2002.0,3,3,34.0,8,3.0,589194.0
400.0,1,1,13.0,1,1.0,65810.0
1996.0,3,2,25.0,7,0.0,509297.0
1823.0,2,1,4.0,3,0.0,361796.0
1826.0,2,2,29.0,5,2.0,420945.0
1948.0,3,2,25.0,8,3.0,568330.0
1783.0,3,2,8.0,2,3.0,359157.0
1768.0,3,3,27.0,8,0.0,528384.0
2168.0,3,2,38.0,3,0.0,363838.0
1475.0,2,2,56.0,8,2.0,436668.0
1231.0,2,1,42.0,8,1.0,400615.0
3614.0,4,4,30.0,1,1.0,500414.0
1370.0,3,2,46.0,3,,257855.0
1860.0,2,2,17.0,9,0.0,592989.0
903.0,1,1,40.0,4,2.0,204236.0
1870.0,3,2,0.0,5,2.0,473133.0
1240.0,4,3,4.0,1,3.0,279905.0
1535.0,4,3,37.0,7,1.0,448847.0
2427.0,5,3,12.0,1,2.0,365899.0
2083.0,4,2,41.0,3,3.0,358494.0
2141.0,2,1,38.0,5,1.0,407146.0
737.0,1,1,4.0,8,0.0,347573.0
2902.0,4,3,24.0,5,3.0,594087.0
1085.0,1,1,37.0,10,0.0,444387.0
2717.0,5,3,43.0,6,1.0,581030.0
2413.0,4,3,49.0,3,0.0,406281.0
2146.0,4,2,20.0,2,2.0,344858.0
1287.0,1,1,50.0,8,1.0,376046.0
1891.0,3,2,21.0,5,1.0,431804.0
1517.0,2,2,0.0,7,2.0,496744.0
1817.0,3,2,37.0,4,1.0,374132.0
1650.0,3,3,15.0,3,1.0,333625.0
577.0,1,1,7.0,6,1.0,285643.0
2473.0,4,3,16.0,3,0.0,419316.0
1751.0,3,2,50.0,10,3.0,590740.0
1509.0,2,2,55.0,8,3.0,426806.0
1464.0,2,1,58.0,9,2.0,457796.0
2015.0,3,3,18.0,3,0.0,391858.0
1264.0,2,1,27.0,1,1.0,184432.0
447.0,1,1,48.0,1,1.0,30000.0
2044.0,3,2,19.0,9,0.0,600008.0
2111.0,3,2,23.0,9,3.0,649458.0
1680.0,4,3,14.0,7,1.0,517684.0
1111.0,2,1,34.0,6,2.0,329345.0
1853.0,3,3,40.0,3,2.0,306160.0
921.0,2,1,19.0,8,1.0,395989.0
1184.0,1,1,1.0,6,1.0,389008.0
1350.0,2,2,44.0,7,3.0,404656.0
2306.0,4,3,37.0,1,,338425.0
1582.0,2,2,13.0,6,2.0,445018.0
1531.0,3,2,19.0,7,2.0,488119.0
2973.0,5,5,57.0,8,0.0,711992.0
2011.0,3,3,38.0,2,0.0,301474.0
2003.0,3,2,36.0,1,0.0,260071.0
1578.0,5,4,38.0,9,3.0,568625.0
1442.0,2,1,57.0,4,3.0,274732.0
488.0,1,1,20.0,5,0.0,171832.0
2381.0,3,1,17.0,7,1.0,585254.0
2069.0,4,3,23.0,5,1.0,489732.0
1693.0,4,3,48.0,10,3.0,606116.0
1718.0,2,1,7.0,9,1.0,574517.0
2242.0,5,3,12.0,4,0.0,469633.0
867.0,2,1,14.0,2,2.0,188959.0
1446.0,2,2,38.0,10,0.0,526691.0
1118.0,2,2,38.0,8,2.0,414654.0
2863.0,5,3,22.0,8,3.0,768649.0
2325.0,4,3,17.0,5,0.0,497909.0
478.0,1,2,45.0,5,3.0,188236.0
892.0,1,1,2.0,2,2.0,194835.0
1721.0,3,1,44.0,5,0.0,336795.0
1517.0,4,4,13.0,6,0.0,430160.0
1005.0,2,1,54.0,2,0.0,132640.0
2967.0,6,4,25.0,7,3.0,738492.0
1988.0,4,2,39.0,7,2.0,517369.0
2085.0,4,2,7.0,9,1.0,653746.0
1385.0,2,2,15.0,1,2.0,202204.0
2233.0,4,2,42.0,3,1.0,364623.0
1572.0,3,2,33.0,5,1.0,363178.0
1630.0,3,3,46.0,9,2.0,529048.0
2167.0,3,2,34.0,3,0.0,336480.0
823.0,2,1,34.0,10,3.0,409993.0
2758.0,5,3,51.0,10,3.0,768813.0
1909.0,3,2,25.0,1,3.0,302818.0
2569.0,6,4,54.0,4,0.0,475174.0
1155.0,1,1,22.0,3,1.0,243163.0
1246.0,3,2,20.0,5,1.0,339604.0
1103.0,1,1,47.0,10,2.0,435025.0
1950.0,3,2,1.0,4,1.0,436286.0
1840.0,5,3,10.0,7,1.0,543022.0
1521.0,2,1,4.0,2,0.0,254191.0
1192.0,1,1,31.0,6,2.0,311185.0
1040.0,2,1,38.0,4,2.0,231391.0
1771.0,2,2,1.0,10,2.0,650113.0
1521.0,3,2,10.0,8,1.0,525228.0
1389.0,2,1,18.0,3,3.0,278195.0
2728.0,5,4,18.0,7,2.0,663650.0
1751.0,2,1,6.0,4,0.0,379533.0
2562.0,3,2,10.0,5,1.0,541719.0
1480.0,2,2,51.0,5,2.0,308494.0
1947.0,2,2,42.0,9,0.0,501646.0
1767.0,4,3,18.0,3,1.0,345725.0
781.0,1,1,,1,3.0,134652.0
2657.0,4,4,5.0,2,1.0,444379.0
1719.0,3,3,21.0,9,2.0,590795.0
2248.0,3,3,24.0,3,2.0,401555.0
1349.0,1,1,54.0,1,1.0,132670.0
1701.0,4,2,45.0,5,3.0,429242.0
1280.0,1,1,29.0,9,0.0,440182.0
2542.0,4,3,8.0,9,1.0,732155.0
1987.0,3,2,39.0,10,2.0,623896.0
2020.0,4,3,56.0,7,0.0,497075.0
2615.0,5,3,5.0,9,3.0,784536.0
2494.0,4,3,51.0,8,0.0,594499.0
2259.0,4,3,11.0,1,2.0,353377.0
947.0,1,1,42.0,5,2.0,237570.0
1383.0,3,2,11.0,6,3.0,424178.0
1198.0,1,1,36.0,5,0.0,301119.0
2237.0,5,2,14.0,9,0.0,671130.0
1902.0,3,1,33.0,10,2.0,606644.0
966.0,2,1,36.0,6,3.0,328704.0
1687.0,2,1,37.0,1,3.0,226019.0
904.0,1,1,41.0,4,0.0,167065.0
1768.0,2,2,4.0,2,1.0,339655.0
807.0,1,1,42.0,5,1.0,216634.0
2117.0,3,3,9.0,3,3.0,394636.0
2027.0,3,2,41.0,1,2.0,243638.0
2945.0,5,3,7.0,2,1.0,506705.0
2309.0,3,2,29.0,5,0.0,444009.0
1546.0,2,2,23.0,2,2.0,288350.0
2291.0,4,3,58.0,1,1.0,284972.0
961.0,2,1,,3,0.0,188716.0
1223.0,2,1,5.0,7,0.0,398544.0
2000.0,3,2,42.0,7,2.0,510850.0
505.0,1,1,12.0,4,2.0,204419.0
1778.0,2,1,17.0,7,1.0,477178.0
1188.0,1,1,23.0,2,3.0,197454.0
1861.0,4,3,47.0,8,2.0,538916.0
1153.0,2,1,57.0,1,2.0,94993.0
2055.0,3,2,55.0,2,0.0,286183.0
1812.0,3,3,10.0,10,1.0,644995.0
2640.0,4,4,4.0,5,3.0,617563.0
1804.0,2,1,50.0,6,1.0,354130.0
1339.0,3,2,17.0,4,2.0,315040.0
1652.0,3,2,35.0,7,3.0,462018.0
993.0,3,2,59.0,8,2.0,368499.0
2044.0,4,2,11.0,8,2.0,590310.0
2154.0,5,3,22.0,3,0.0,440932.0
3282.0,6,5,52.0,7,1.0,729914.0
1427.0,2,1,39.0,8,0.0,403726.0
1639.0,3,2,56.0,5,0.0,330657.0
1455.0,2,1,38.0,4,2.0,281706.0
1927.0,4,3,18.0,7,0.0,512139.0
2029.0,4,2,48.0,6,1.0,472399.0
1768.0,3,2,,3,1.0,306003.0
2452.0,4,2,56.0,10,1.0,685582.0
1430.0,4,3,29.0,6,2.0,438431.0
2392.0,3,2,30.0,6,1.0,536532.0
2123.0,5,4,19.0,3,3.0,426233.0
1793.0,3,2,16.0,7,1.0,512166.0
1611.0,2,2,60.0,10,3.0,513971.0
3256.0,5,4,59.0,8,3.0,757777.0
1310.0,1,2,32.0,6,1.0,351574.0
1979.0,4,3,57.0,7,3.0,504100.0
1350.0,2,2,21.0,3,1.0,247432.0
2871.0,5,3,51.0,1,3.0,373022.0
2332.0,5,4,38.0,7,3.0,608126.0
1393.0,2,2,43.0,2,1.0,201286.0
2108.0,3,3,43.0,1,1.0,293922.0
1955.0,2,2,38.0,8,3.0,562352.0
1490.0,2,1,51.0,5,2.0,301294.0
2255.0,6,4,24.0,9,2.0,700716.0
2034.0,4,3,51.0,9,2.0,618817.0
1929.0,3,3,11.0,2,0.0,332825.0
1775.0,3,2,12.0,8,0.0,528345.0
2059.0,3,2,43.0,4,3.0,411309.0
1938.0,3,2,45.0,8,1.0,515591.0
1835.0,3,3,54.0,1,3.0,265923.0
1415.0,3,2,16.0,5,1.0,362179.0
2816.0,4,3,3.0,7,3.0,707413.0
1170.0,1,1,30.0,5,2.0,308652.0
2057.0,4,3,53.0,6,0.0,458330.0
1608.0,2,2,58.0,1,1.0,178154.0
2856.0,5,3,51.0,1,3.0,357156.0
1258.0,2,2,29.0,7,0.0,378415.0
1359.0,1,1,52.0,5,0.0,285221.0
1218.0,2,1,13.0,6,0.0,342572.0
1994.0,2,2,55.0,4,2.0,365206.0
976.0,2,2,34.0,1,3.0,161236.0
1513.0,2,1,23.0,8,3.0,480558.0
509.0,2,1,35.0,2,3.0,140964.0
1944.0,4,2,47.0,8,3.0,538554.0
1500.0,2,3,14.0,1,3.0,255948.0
907.0,1,1,6.0,10,2.0,460023.0
2451.0,4,2,44.0,3,3.0,415936.0
1015.0,1,1,57.0,9,2.0,382464.0
2278.0,5,3,38.0,1,0.0,289160.0
1379.0,2,1,9.0,5,0.0,360581.0
2761.0,5,4,39.0,5,0.0,557061.0
2250.0,4,3,7.0,2,1.0,405311.0
1195.0,2,1,18.0,5,1.0,353178.0
1250.0,2,1,2.0,3,2.0,279325.0
2163.0,4,3,29.0,5,2.0,466950.0
1643.0,3,2,19.0,4,1.0,363569.0
1698.0,2,1,6.0,2,2.0,305439.0
2563.0,5,3,19.0,8,3.0,716528.0
1351.0,2,1,39.0,6,0.0,326670.0
1855.0,3,2,17.0,9,1.0,575268.0
2373.0,2,2,9.0,9,3.0,671677.0
2285.0,4,3,33.0,3,3.0,401468.0
1704.0,3,2,45.0,3,1.0,285373.0
1627.0,3,2,50.0,10,2.0,545841.0
757.0,1,1,28.0,4,2.0,240415.0
1166.0,2,2,43.0,1,2.0,131367.0
1991.0,3,2,50.0,6,3.0,463717.0
1717.0,3,2,40.0,10,0.0,549001.0
1845.0,4,3,32.0,3,2.0,361503.0
2424.0,4,3,4.0,7,0.0,618149.0
1088.0,2,1,17.0,4,3.0,302823.0
1658.0,3,3,19.0,4,2.0,399110.0
1913.0,3,2,24.0,5,2.0,436123.0
1378.0,2,2,57.0,2,3.0,227203.0
2659.0,3,2,13.0,4,3.0,535208.0
2345.0,4,3,32.0,3,3.0,452048.0
1974.0,2,2,59.0,9,3.0,553589.0
2877.0,4,3,37.0,3,2.0,497033.0
901.0,1,2,13.0,9,1.0,409740.0
1795.0,3,3,58.0,1,1.0,205175.0
2020.0,4,2,20.0,5,1.0,490497.0
1251.0,2,2,3.0,3,2.0,281340.0
1980.0,4,3,26.0,5,3.0,466658.0
1136.0,4,4,14.0,8,1.0,443018.0
2214.0,4,2,49.0,10,2.0,644192.0
2435.0,4,3,13.0,8,1.0,651316.0
1963.0,3,2,49.0,6,2.0,437044.0
688.0,1,1,2.0,6,3.0,316946.0
1220.0,2,1,56.0,10,1.0,448516.0
2139.0,3,2,3.0,10,1.0,681028.0
1813.0,4,2,56.0,8,0.0,470609.0
400.0,1,1,4.0,2,1.0,144053.0
2546.0,3,2,52.0,3,1.0,414467.0
1882.0,3,2,50.0,3,0.0,316735.0
1309.0,2,2,36.0,3,3.0,239857.0
2397.0,4,3,2.0,10,3.0,797331.0
1393.0,3,2,37.0,2,1.0,255251.0
1387.0,4,3,37.0,9,3.0,493529.0
2015.0,3,2,33.0,9,1.0,606201.0
2869.0,4,4,38.0,6,1.0,622252.0
2774.0,5,4,58.0,4,0.0,479809.0
2016.0,3,2,60.0,3,2.0,319641.0
2077.0,3,3,31.0,7,1.0,540853.0
2275.0,4,3,6.0,7,1.0,627164.0
1046.0,1,1,8.0,6,1.0,354306.0
2186.0,4,2,43.0,6,3.0,483052.0
1360.0,2,1,59.0,9,2.0,422810.0
1991.0,4,2,26.0,8,0.0,556981.0
1664.0,3,2,6.0,8,0.0,549495.0
2101.0,3,2,21.0,3,0.0,328516.0
1871.0,3,3,23.0,1,0.0,261373.0
400.0,1,1,60.0,5,2.0,121082.0
1907.0,2,2,41.0,4,0.0,325497.0
2185.0,4,2,7.0,4,0.0,465076.0
2068.0,3,3,20.0,6,0.0,491950.0
1738.0,4,3,3.0,10,2.0,621955.0
2785.0,3,2,39.0,9,3.0,722863.0
1987.0,3,2,40.0,7,2.0,534562.0
2063.0,3,1,3.0,8,3.0,581354.0
2427.0,5,4,20.0,5,2.0,563774.0
2018.0,4,4,54.0,6,3.0,512144.0
1261.0,3,2,50.0,5,1.0,297799.0
400.0,2,1,34.0,9,3.0,350520.0
1514.0,2,1,29.0,10,2.0,529983.0
2257.0,5,3,60.0,5,0.0,463669.0
1588.0,2,1,43.0,8,0.0,456553.0
2281.0,3,2,57.0,1,3.0,281608.0
1889.0,4,3,4.0,5,1.0,453152.0
2573.0,3,3,13.0,9,1.0,708446.0
1623.0,3,2,2.0,7,3.0,479533.0
2081.0,4,2,52.0,6,3.0,485738.0
2104.0,4,3,42.0,3,0.0,365427.0
2701.0,4,3,11.0,9,2.0,765652.0
776.0,1,1,58.0,10,3.0,370079.0
1525.0,3,3,57.0,4,1.0,320214.0
2309.0,3,3,13.0,9,2.0,693643.0
2728.0,4,3,39.0,6,1.0,576468.0
1944.0,4,3,40.0,4,2.0,400704.0
1624.0,3,1,0.0,4,0.0,396329.0
2254.0,3,2,41.0,6,2.0,510917.0
2321.0,4,2,13.0,5,1.0,504591.0
1584.0,4,4,54.0,7,2.0,453101.0
1998.0,3,1,50.0,2,1.0,276707.0
2508.0,4,3,54.0,5,3.0,498804.0
2934.0,4,2,45.0,8,3.0,695429.0
2246.0,4,3,10.0,9,1.0,682174.0
1826.0,4,3,22.0,3,0.0,375514.0
1768.0,4,3,43.0,7,1.0,489101.0
2134.0,4,3,19.0,4,2.0,449313.0
1731.0,4,3,43.0,8,3.0,541033.0
1914.0,4,2,20.0,4,2.0,412605.0
1165.0,3,2,11.0,7,2.0,427749.0
2578.0,5,4,31.0,5,0.0,546224.0
1116.0,3,2,41.0,3,3.0,208694.0
1541.0,2,1,31.0,6,1.0,337774.0
1859.0,2,1,39.0,7,1.0,460467.0
2995.0,5,4,26.0,7,1.0,696447.0
1546.0,3,2,47.0,8,0.0,421179.0
1400.0,3,2,39.0,7,1.0,394970.0
1470.0,3,2,34.0,9,1.0,512950.0
2795.0,6,4,26.0,5,0.0,593667.0
400.0,1,1,32.0,6,0.0,209976.0
1198.0,2,2,3.0,5,0.0,350016.0
3439.0,5,3,40.0,6,3.0,699312.0
2155.0,4,3,12.0,2,1.0,389558.0
1136.0,2,1,52.0,9,3.0,424090.0
1775.0,3,2,49.0,6,3.0,426888.0
1840.0,3,2,32.0,6,1.0,446523.0
2308.0,4,3,51.0,9,3.0,660899.0
2904.0,5,4,40.0,5,0.0,563318.0
2033.0,4,3,8.0,5,0.0,496938.0
1476.0,1,1,44.0,6,3.0,372972.0
2272.0,4,4,60.0,10,2.0,674274.0
1381.0,3,1,2.0,3,2.0,334737.0
1180.0,3,1,15.0,2,3.0,221045.0
744.0,2,2,36.0,2,0.0,125865.0
861.0,3,2,25.0,8,0.0,360304.0
1262.0,2,2,38.0,1,3.0,189763.0
1093.0,2,2,35.0,8,0.0,401930.0
1988.0,4,3,47.0,9,1.0,569787.0
1080.0,2,2,4.0,7,0.0,443742.0
400.0,1,1,26.0,2,1.0,84859.0
1174.0,2,2,52.0,7,0.0,341858.0
1517.0,2,2,22.0,5,1.0,368420.0
1437.0,3,3,30.0,1,3.0,237384.0
2712.0,5,4,1.0,2,1.0,470478.0
1432.0,2,2,13.0,8,3.0,513769.0
2329.0,3,1,28.0,6,3.0,516225.0
1789.0,3,3,24.0,5,2.0,405926.0
1775.0,4,2,43.0,8,2.0,497120.0
1299.0,1,1,37.0,6,1.0,352834.0
1765.0,2,1,53.0,10,2.0,565307.0
1341.0,3,2,51.0,1,3.0,151947.0
1902.0,2,2,14.0,3,3.0,385662.0
1658.0,3,2,1.0,2,0.0,275047.0
1233.0,3,2,51.0,5,2.0,301712.0
2395.0,5,3,20.0,10,0.0,715034.0
2056.0,4,3,21.0,5,1.0,486702.0
1531.0,3,2,10.0,4,0.0,358474.0
1887.0,5,3,42.0,1,2.0,292586.0
1750.0,1,1,17.0,4,3.0,363571.0
1279.0,2,2,11.0,3,3.0,295342.0
1842.0,4,3,30.0,2,2.0,299235.0
1427.0,2,1,45.0,2,2.0,193137.0
1233.0,3,3,,7,2.0,451644.0
826.0,1,1,43.0,8,0.0,315517.0
1585.0,3,2,28.0,8,2.0,499995.0
2140.0,3,2,24.0,1,2.0,325172.0
1383.0,2,1,22.0,10,0.0,490608.0
3312.0,5,4,9.0,6,2.0,754854.0
2331.0,4,3,20.0,6,1.0,537639.0
2583.0,4,2,53.0,9,2.0,692280.0
2277.0,4,3,6.0,3,3.0,469623.0
2912.0,5,4,57.0,6,1.0,619120.0
1328.0,3,2,6.0,1,3.0,237523.0
400.0,1,1,22.0,5,1.0,224731.0
1532.0,1,1,36.0,3,2.0,294074.0
2135.0,4,2,50.0,2,0.0,303926.0
1891.0,5,4,9.0,7,0.0,575561.0
1965.0,4,3,8.0,2,1.0,356202.0
2593.0,4,2,38.0,10,3.0,727783.0
2029.0,4,3,18.0,3,1.0,405649.0
2279.0,4,3,39.0,1,1.0,297074.0
1236.0,1,1,49.0,5,3.0,306193.0
1143.0,3,2,5.0,4,1.0,330380.0
2768.0,4,2,51.0,7,3.0,626764.0
1861.0,3,3,2.0,7,0.0,538561.0
1426.0,2,2,54.0,6,0.0,350035.0
1427.0,3,2,59.0,6,0.0,339960.0
1411.0,2,2,40.0,8,0.0,420871.0
1375.0,1,1,59.0,7,2.0,331782.0
1030.0,2,1,49.0,2,0.0,150543.0
900.0,1,1,3.0,5,2.0,304997.0
1683.0,3,3,0.0,7,2.0,571151.0
1444.0,3,3,1.0,3,0.0,325893.0
2464.0,5,3,27.0,9,0.0,696127.0
1976.0,4,3,37.0,5,0.0,434023.0
1959.0,4,3,29.0,4,0.0,408767.0
1354.0,4,4,41.0,4,2.0,315433.0
1727.0,2,2,27.0,7,3.0,483846.0
2017.0,4,2,3.0,8,1.0,615601.0
2230.0,3,3,14.0,3,2.0,421449.0
1744.0,4,3,60.0,2,1.0,267621.0
2447.0,4,3,21.0,1,0.0,349803.0
1805.0,4,3,19.0,5,0.0,438228.0
2276.0,3,1,9.0,10,1.0,715687.0
1506.0,3,2,59.0,10,3.0,519110.0
712.0,2,2,14.0,6,0.0,269174.0
1961.0,3,2,39.0,6,3.0,466811.0
2235.0,4,3,3.0,6,2.0,563427.0
2145.0,4,2,4.0,3,1.0,385674.0
2053.0,4,3,43.0,5,2.0,447320.0
1591.0,3,2,38.0,10,2.0,562455.0
1316.0,2,1,41.0,7,2.0,395843.0
2131.0,3,2,14.0,3,3.0,393678.0
2056.0,2,1,59.0,1,2.0,225324.0
1463.0,3,2,34.0,8,0.0,469075.0
2466.0,3,2,58.0,10,1.0,660600.0
1270.0,2,1,10.0,2,3.0,258983.0
1450.0,3,3,24.0,4,0.0,354266.0
2782.0,5,4,20.0,9,1.0,747312.0
2321.0,3,2,45.0,3,2.0,383678.0
1585.0,3,1,45.0,2,2.0,253313.0
1972.0,4,3,29.0,4,3.0,422487.0
1893.0,3,2,1.0,4,2.0,450963.0
400.0,2,2,11.0,5,0.0,229013.0
1256.0,2,2,3.0,10,0.0,555560.0
1769.0,2,2,51.0,10,2.0,570967.0
1586.0,3,2,17.0,6,3.0,476844.0
1948.0,3,2,7.0,1,2.0,313968.0
2478.0,3,2,21.0,3,2.0,415167.0
1607.0,3,2,5.0,2,0.0,283089.0
1165.0,3,3,59.0,1,0.0,149915.0
1995.0,2,1,19.0,4,3.0,420810.0
1604.0,4,4,56.0,1,2.0,223405.0
1706.0,2,2,41.0,6,2.0,440641.0
1625.0,3,2,34.0,3,3.0,310690.0
3145.0,4,4,29.0,8,0.0,764340.0
456.0,1,2,41.0,6,3.0,238590.0
1567.0,3,3,41.0,10,1.0,533933.0
1798.0,2,1,1.0,5,2.0,434563.0
1331.0,4,4,54.0,2,1.0,262087.0
2340.0,4,3,22.0,10,0.0,698966.0
2288.0,3,2,21.0,4,3.0,471469.0
1771.0,4,2,24.0,8,1.0,515502.0
1638.0,4,3,41.0,8,0.0,475314.0
1733.0,4,2,23.0,10,0.0,574896.0
1737.0,2,2,22.0,7,3.0,508140.0
1753.0,3,2,4.0,6,3.0,479867.0
1687.0,1,2,25.0,4,2.0,369570.0
1951.0,4,3,9.0,5,3.0,486670.0
2252.0,3,3,51.0,8,2.0,583236.0
1062.0,1,1,20.0,6,3.0,346223.0
1170.0,2,2,58.0,1,0.0,92467.0
751.0,2,1,41.0,4,0.0,182189.0
2320.0,4,3,45.0,10,2.0,698148.0
1950.0,4,2,57.0,3,3.0,348200.0
2103.0,4,3,14.0,5,2.0,485027.0
942.0,2,1,34.0,9,3.0,398233.0
2871.0,4,2,2.0,3,1.0,523381.0
1435.0,4,2,6.0,7,2.0,500306.0
1901.0,3,2,22.0,8,2.0,548470.0
2313.0,5,4,41.0,4,3.0,456914.0
1208.0,3,3,50.0,9,2.0,448361.0
1472.0,3,2,15.0,5,1.0,365380.0
1908.0,4,3,45.0,3,0.0,334691.0
3514.0,4,2,13.0,3,1.0,563094.0
1981.0,3,2,0.0,3,0.0,400162.0
2764.0,5,4,3.0,6,0.0,658233.0
2523.0,5,4,35.0,3,2.0,475505.0
2021.0,3,2,30.0,4,0.0,349464.0
1206.0,2,2,16.0,8,1.0,413176.0
2436.0,2,1,0.0,9,0.0,698894.0
901.0,2,1,34.0,7,0.0,299159.0
2761.0,3,2,49.0,6,2.0,541610.0
1920.0,4,3,4.0,7,0.0,546800.0
400.0,1,1,44.0,5,1.0,162635.0
1596.0,2,1,38.0,3,0.0,256918.0
2192.0,4,2,29.0,8,0.0,589856.0
1658.0,3,2,3.0,2,0.0,306764.0
2229.0,4,3,55.0,10,0.0,648632.0
1290.0,1,1,29.0,5,0.0,317326.0
1016.0,2,2,24.0,9,2.0,440411.0
1757.0,2,2,52.0,1,0.0,193158.0
1819.0,2,1,51.0,5,3.0,385202.0
1591.0,3,1,44.0,5,1.0,350030.0
2536.0,4,2,50.0,4,1.0,428281.0
1290.0,2,1,7.0,6,3.0,399458.0
1988.0,3,2,46.0,7,3.0,510749.0
1841.0,4,3,20.0,10,1.0,631168.0
866.0,2,2,52.0,9,3.0,374936.0
1009.0,2,3,22.0,3,2.0,229280.0
1807.0,3,2,3.0,10,2.0,605448.0
2989.0,6,5,25.0,5,3.0,650349.0
2148.0,4,4,45.0,5,2.0,473129.0
765.0,2,1,30.0,1,2.0,101309.0
400.0,1,1,46.0,7,2.0,246468.0
2240.0,2,2,2.0,9,2.0,658659.0
1742.0,2,1,11.0,3,3.0,359164.0
2485.0,4,3,34.0,9,2.0,700820.0
1272.0,2,1,23.0,1,1.0,210697.0
2010.0,4,2,41.0,10,0.0,624298.0
2308.0,4,3,58.0,3,3.0,365730.0
1532.0,3,2,40.0,5,1.0,367295.0
1544.0,2,1,25.0,1,1.0,232068.0
1815.0,3,2,33.0,9,3.0,548577.0
2126.0,3,1,55.0,6,0.0,441483.0
1791.0,3,3,40.0,10,0.0,597375.0
2384.0,3,2,48.0,4,2.0,422264.0
1523.0,3,2,18.0,1,3.0,216339.0
1003.0,1,1,45.0,7,3.0,323517.0
2986.0,5,3,8.0,2,3.0,502576.0
1437.0,3,2,45.0,7,3.0,444871.0
1459.0,3,2,53.0,1,2.0,182415.0
1761.0,2,2,54.0,2,3.0,250657.0
1840.0,3,2,7.0,7,1.0,513382.0
1568.0,2,1,50.0,7,2.0,410222.0
1790.0,2,1,7.0,2,0.0,292733.0
1776.0,3,3,29.0,2,2.0,295323.0
1905.0,4,3,41.0,9,1.0,583880.0
400.0,1,1,29.0,1,3.0,69541.0
2929.0,5,4,20.0,3,1.0,487028.0
1712.0,3,3,41.0,10,0.0,579560.0
2148.0,3,3,40.0,6,2.0,508206.0
973.0,1,1,35.0,1,0.0,111364.0
1517.0,2,1,32.0,9,0.0,474151.0
1397.0,1,1,42.0,4,1.0,264117.0
2682.0,4,3,24.0,8,2.0,710045.0
1449.0,2,2,4.0,7,2.0,458771.0
2255.0,4,2,32.0,4,0.0,435065.0
1410.0,4,3,43.0,4,2.0,300317.0
1528.0,2,1,18.0,6,0.0,394610.0
1653.0,3,2,8.0,4,3.0,396888.0
2570.0,3,2,55.0,2,0.0,350080.0
666.0,1,1,52.0,8,0.0,257444.0
1011.0,1,1,37.0,7,2.0,320025.0
632.0,2,1,47.0,7,3.0,255647.0
1147.0,2,3,58.0,8,3.0,388725.0
1313.0,2,1,34.0,6,2.0,358529.0
831.0,1,1,15.0,10,0.0,391802.0
1360.0,1,1,38.0,9,3.0,458396.0
591.0,1,1,55.0,10,,327132.0
1189.0,2,1,41.0,2,1.0,175015.0
2520.0,4,2,2.0,2,3.0,444568.0
2042.0,4,2,55.0,5,2.0,394789.0
1912.0,3,2,45.0,7,3.0,492623.0
1198.0,2,1,24.0,3,3.0,256774.0
878.0,1,1,59.0,2,3.0,119160.0
1117.0,2,3,43.0,1,2.0,165364.0
1774.0,2,1,50.0,6,3.0,402367.0
2321.0,4,3,57.0,10,0.0,650229.0
2341.0,5,3,2.0,5,0.0,525143.0
2178.0,3,2,46.0,8,0.0,561741.0
1357.0,2,1,23.0,1,0.0,160512.0
1815.0,3,2,52.0,3,0.0,288689.0
1607.0,3,2,53.0,7,3.0,462962.0
1679.0,3,3,50.0,5,1.0,385582.0
3022.0,5,4,47.0,1,1.0,412692.0
743.0,2,2,48.0,3,2.0,168850.0
1659.0,3,2,18.0,8,1.0,514205.0
2527.0,4,3,24.0,7,2.0,616584.0
920.0,1,1,7.0,9,0.0,408573.0
1414.0,3,3,50.0,4,2.0,313099.0
1483.0,2,2,39.0,10,3.0,546456.0
1666.0,3,2,37.0,10,0.0,567551.0
842.0,2,1,15.0,4,0.0,248623.0
2157.0,2,1,37.0,3,0.0,330219.0
2200.0,4,3,27.0,10,2.0,702378.0
2105.0,4,3,60.0,4,3.0,370584.0
1278.0,3,2,52.0,5,3.0,349763.0
1852.0,3,2,32.0,10,3.0,615632.0
1260.0,1,1,49.0,3,2.0,219555.0
1600.0,4,4,10.0,9,2.0,591182.0
3092.0,5,3,6.0,2,1.0,502658.0
1857.0,2,2,38.0,3,,319141.0
1087.0,1,1,44.0,4,0.0,192981.0
1908.0,3,3,3.0,5,3.0,452417.0
989.0,2,1,12.0,3,0.0,237987.0
1081.0,1,1,32.0,9,3.0,436470.0
1175.0,3,2,4.0,7,1.0,411862.0
1533.0,1,1,25.0,7,2.0,436295.0
2362.0,3,2,29.0,8,0.0,614055.0
2147.0,2,1,55.0,7,1.0,466449.0
2114.0,3,2,19.0,7,3.0,570006.0
1141.0,3,2,10.0,7,0.0,417534.0
1475.0,4,3,0.0,8,0.0,503475.0
1963.0,3,2,,10,2.0,677211.0
1423.0,2,2,45.0,2,3.0,234572.0
1633.0,3,3,,6,1.0,463125.0
2065.0,4,2,12.0,2,0.0,354286.0
1591.0,2,2,56.0,2,0.0,199939.0
1936.0,3,2,47.0,10,3.0,609192.0
2756.0,6,4,7.0,5,0.0,641691.0
1697.0,2,1,16.0,8,2.0,508803.0
2508.0,4,3,51.0,8,3.0,647556.0
2136.0,4,4,42.0,1,1.0,298200.0
920.0,2,1,57.0,5,0.0,227519.0
1139.0,1,1,5.0,2,3.0,251418.0
1300.0,2,1,47.0,4,3.0,270360.0
1287.0,3,1,5.0,2,2.0,253413.0
1746.0,4,4,20.0,7,,531933.0
2169.0,4,3,45.0,2,3.0,322209.0
2553.0,4,2,43.0,5,2.0,508428.0
1985.0,4,2,0.0,4,,444196.0
1533.0,2,1,12.0,10,0.0,538368.0
551.0,1,1,47.0,8,2.0,251036.0
1842.0,3,2,8.0,4,3.0,424922.0
1815.0,4,3,20.0,3,2.0,377309.0
1910.0,3,2,11.0,8,2.0,581200.0
3064.0,5,3,7.0,7,2.0,730379.0
2544.0,3,2,50.0,6,1.0,527376.0
2271.0,4,4,4.0,1,0.0,362757.0
1223.0,3,1,32.0,1,2.0,188835.0
1492.0,2,1,42.0,7,3.0,400162.0
1743.0,3,3,3.0,5,0.0,456773.0
1335.0,2,2,38.0,9,0.0,476590.0
2100.0,3,2,20.0,1,2.0,309341.0
2014.0,4,3,50.0,2,1.0,309763.0
1147.0,2,2,48.0,8,3.0,411984.0
2518.0,4,3,48.0,10,1.0,697674.0
1861.0,2,1,24.0,8,2.0,520744.0
763.0,1,1,49.0,1,0.0,65771.0
1769.0,3,2,38.0,1,3.0,281607.0
1969.0,3,1,23.0,9,1.0,567474.0
2384.0,5,4,5.0,5,1.0,587826.0
1598.0,4,4,4.0,5,2.0,452822.0
2297.0,5,3,15.0,10,3.0,750473.0
1912.0,3,2,18.0,3,3.0,395007.0
1011.0,2,2,56.0,3,3.0,226730.0
951.0,2,2,60.0,7,0.0,296895.0
2474.0,5,4,9.0,10,0.0,792551.0
2518.0,4,2,57.0,4,3.0,433107.0
1994.0,4,3,42.0,2,3.0,323326.0
2697.0,4,3,30.0,1,2.0,361565.0
2434.0,4,3,57.0,1,3.0,312110.0
2210.0,3,3,43.0,4,1.0,421119.0
1253.0,3,3,36.0,6,1.0,369120.0
2839.0,5,3,13.0,5,0.0,619867.0
2122.0,4,3,15.0,3,3.0,458937.0
1568.0,3,2,55.0,7,2.0,415788.0
1399.0,2,1,13.0,9,0.0,479741.0
1954.0,3,2,2.0,3,3.0,423513.0
797.0,2,2,16.0,7,0.0,352107.0
2220.0,4,2,29.0,6,3.0,538239.0
1228.0,1,1,23.0,7,0.0,378739.0
2022.0,4,2,56.0,1,3.0,269789.0
1487.0,2,1,25.0,7,1.0,406693.0
1641.0,2,1,53.0,8,0.0,413499.0
1346.0,2,1,36.0,7,0.0,373828.0
1703.0,3,2,31.0,9,2.0,547778.0
2934.0,5,3,10.0,8,0.0,752726.0
2631.0,3,2,,10,1.0,758302.0
2013.0,3,2,52.0,7,3.0,473427.0
1785.0,4,3,47.0,5,3.0,382717.0
2307.0,4,3,27.0,9,1.0,677909.0
2478.0,4,3,55.0,7,2.0,566214.0
1302.0,3,2,49.0,6,3.0,356110.0
1754.0,3,2,7.0,6,2.0,471214.0
707.0,2,1,36.0,4,0.0,167042.0
2474.0,2,2,48.0,7,3.0,552950.0
3039.0,6,4,49.0,5,0.0,603258.0
1848.0,4,3,5.0,2,2.0,356369.0
525.0,3,2,13.0,5,3.0,278521.0
2165.0,3,2,25.0,10,2.0,688086.0
1258.0,1,1,15.0,4,1.0,291820.0
1402.0,2,1,7.0,7,1.0,447635.0
2176.0,3,2,38.0,5,1.0,444855.0
1953.0,4,4,30.0,3,2.0,407441.0
1507.0,3,2,9.0,4,3.0,387789.0
1410.0,2,1,35.0,10,3.0,536547.0
1876.0,3,1,4.0,2,1.0,309794.0
1554.0,3,1,23.0,7,0.0,437657.0
1134.0,2,1,48.0,9,1.0,375451.0
1600.0,2,1,53.0,2,3.0,247715.0
2004.0,4,3,15.0,8,2.0,594782.0
1693.0,4,3,52.0,7,1.0,445065.0
952.0,2,1,54.0,4,0.0,166058.0
2393.0,4,2,36.0,2,1.0,358402.0
400.0,1,1,59.0,10,2.0,293476.0
1532.0,2,1,15.0,2,2.0,293744.0
1428.0,2,1,4.0,10,1.0,566649.0
1889.0,3,2,51.0,7,1.0,455908.0
2137.0,3,2,29.0,9,0.0,581975.0
2476.0,4,3,21.0,3,3.0,430173.0
1373.0,2,1,3.0,1,1.0,204374.0
2152.0,3,3,4.0,7,3.0,584136.0
1917.0,4,3,5.0,4,1.0,443607.0
773.0,1,1,11.0,6,2.0,300184.0
2940.0,5,4,58.0,5,2.0,570860.0
937.0,2,1,17.0,4,1.0,234824.0
2052.0,4,2,49.0,8,3.0,559996.0
2034.0,4,3,1.0,6,1.0,519158.0
1965.0,3,3,19.0,7,3.0,551856.0
1503.0,3,2,54.0,7,3.0,430910.0
2296.0,5,3,11.0,7,1.0,608011.0
864.0,2,2,17.0,4,0.0,248931.0
1761.0,2,1,50.0,8,3.0,452585.0
1462.0,2,2,7.0,3,3.0,296780.0
1394.0,3,2,3.0,10,3.0,592389.0
2057.0,3,2,58.0,9,3.0,593053.0
2446.0,5,4,24.0,6,0.0,573542.0
1594.0,3,2,39.0,2,3.0,299146.0
2268.0,4,2,8.0,10,0.0,687909.0
1830.0,4,2,13.0,6,0.0,461480.0
1264.0,2,1,28.0,9,0.0,447397.0
1475.0,3,2,29.0,3,2.0,301276.0
2436.0,2,1,0.0,9,0.0,698894.0
2489.0,5,4,39.0,9,3.0,689373.0
2157.0,4,3,32.0,1,2.0,326563.0
1558.0,2,1,50.0,8,0.0,440305.0
1139.0,3,2,16.0,4,1.0,297703.0
1133.0,2,2,49.0,3,2.0,263753.0
2050.0,3,2,58.0,2,2.0,275070.0
2499.0,4,2,31.0,1,2.0,317678.0
2107.0,3,2,36.0,4,3.0,417344.0
1620.0,3,2,24.0,7,1.0,463028.0
974.0,1,1,1.0,7,1.0,393943.0
2476.0,4,3,52.0,8,3.0,616746.0
2465.0,4,3,34.0,7,0.0,600147.0
1674.0,3,3,37.0,5,3.0,444542.0
2143.0,4,3,23.0,8,1.0,603098.0
2574.0,4,2,8.0,9,1.0,738118.0
1661.0,3,1,24.0,10,1.0,565266.0
1894.0,3,2,1.0,9,3.0,650023.0
2066.0,1,1,12.0,7,2.0,546641.0
